stkcd,stock,name,year,is_crawled
835055,乐享方登,乐享方登,2016,1
833157,京冶轴承,北京京冶轴承股份有限公司,2015,1
430225,伊禾农品,上海伊禾农产品科技发展股份有限公司,2015,1
831540,京源环保,江苏京源环保股份有限公司,2014,1
430660,益佰广通,天津益佰碧源环保科技股份有限公司,2014,1
830795,骏汇股份,广东骏汇汽车科技股份有限公司,2014,1
430260,布雷尔利,布雷尔利(保定)金属家居用品股份有限公司,2012,1
831480,福生佳信,山东福生佳信科技股份有限公司,2014,1
838851,先通医药,北京先通国际医药科技股份有限公司,2015,1
833398,奥翔科技,福建奥翔体育塑胶科技股份有限公司,2015,1
430757,天翔昌运,北京天翔昌运科技股份有限公司,2016,1
430017,星昊医药,北京星昊医药股份有限公司,2014,1
430629,国科海博,成都国科海博信息技术股份有限公司,2015,1
830793,阿拉丁,上海阿拉丁生化科技股份有限公司,2014,1
832107,达能电气,辽宁达能电气股份有限公司,2014,1
430663,大陆机电,济南大陆机电股份有限公司,2016,1
832300,宏源车轮,宏源车轮,2016,1
834028,品胜股份,品胜股份,2015,1
832392,百控股份,天津百控安全科技股份有限公司,2015,1
430473,网动股份,成都网动光电子技术股份有限公司,2014,1
833638,贝斯达,深圳市贝斯达医疗股份有限公司,2015,1
833988,中成发展,江苏中成紧固技术发展股份有限公司,2015,1
430597,博安通,深圳市博安通科技股份有限公司,2016,1
430642,映翰通,北京映翰通网络技术股份有限公司,2016,1
834812,圣士达,山东圣士达机械科技股份有限公司,2015,1
832632,德安股份,德安股份,2015,1
833101,禾元生物,武汉禾元生物科技股份有限公司,2014,1
834241,天利和,山东天利和软件股份有限公司,2015,1
833857,时光科技,上海时光科技股份有限公司,2015,1
835173,蒙拓农机,呼伦贝尔市蒙拓农机科技股份有限公司,2015,1
831841,中扬科技,石家庄中扬网络科技股份有限公司,2016,1
430470,哲达科技,杭州哲达科技股份有限公司,2015,1
831373,电科电源,深圳市电科电源股份有限公司,2016,1
430201,腾实信,北京腾实信科技股份有限公司,2015,1
831022,三和视讯,郑州三和视讯技术股份有限公司,2016,1
831430,天易股份,北京天易门窗幕墙股份有限公司,2014,1
831141,风云汇,沈阳金铠建筑科技股份有限公司,2015,1
430273,永天科技,上海永天科技股份有限公司,2014,1
831620,宝信平台,湖南宝信云建筑综合服务平台股份有限公司,2014,1
831354,话机世界,话机世界通信集团股份有限公司,2015,1
430447,广信科技,湖南广信科技股份有限公司,2014,1
832183,郑州远见,郑州远见安全装备股份有限公司,2015,1
430633,卡姆医疗,上海卡姆南洋医疗器械股份有限公司,2016,1
832439,马可正嘉,北京马可正嘉汽车运动股份有限公司,2016,1
831708,吉华勘测,广州市吉华勘测股份有限公司,2016,1
832014,绿之彩,广东绿之彩印刷科技股份有限公司,2014,1
832177,晶鑫股份,江苏晶鑫新材料股份有限公司,2016,1
830830,新昶虹,江阴市新昶虹电力科技股份有限公司,2014,1
831429,创力股份,浙江创力电子股份有限公司,2014,1
831486,索尔科技,江苏索尔新能源科技股份有限公司,2016,1
831186,金鸿药业,金鸿药业股份有限公司,2015,1
830770,牛商股份,深圳市牛商网络股份有限公司,2015,1
836660,钢研功能,西安钢研功能材料股份有限公司,2015,1
834464,纽哈斯,北京纽哈斯科技股份有限公司,2016,1
430546,乐彩科技,郑州乐彩科技股份有限公司,2014,1
833665,清大天达,北京清大天达光电科技股份有限公司,2015,1
430307,扬讯科技,上海扬讯计算机科技股份有限公司,2013,1
831424,薪泽奇,江苏薪泽奇机械股份有限公司,2015,1
830931,仁会生物,上海仁会生物制药股份有限公司,2015,1
832545,三川田,广州市三川田文化科技股份有限公司,2015,1
832649,医模科技,北京医模科技股份有限公司,2015,1
430128,广厦网络,北京广厦网络技术股份公司,2015,1
834334,朔方科技,北京朔方科技发展股份有限公司,2015,1
839337,原石文化,海宁原石文化传媒股份有限公司,2015,1
831813,广新信息,广东广新信息产业股份有限公司,2014,1
430156,科曼股份,上海科曼车辆部件系统股份有限公司,2015,1
833816,志成股份,安徽省志成建设工程咨询股份有限公司,2016,1
430242,蓝贝望,北京蓝贝望生物医药科技股份有限公司,2015,1
833204,百事达,深圳市百事达卓越科技股份有限公司,2014,1
831962,尚慧能源,江苏尚慧新能源科技股份有限公司,2014,1
832003,同信通信,同信通信股份有限公司,2016,1
830765,协盛科技,天津协盛科技股份有限公司,2016,1
430645,中瑞药业,天津中瑞药业股份有限公司,2015,1
833314,中诚股份,北京中诚昊天科技股份有限公司,2016,1
831131,兴宏泰,新疆兴宏泰股份有限公司,2015,1
832595,海宝生物,大连耳东影业股份有限公司,2015,1
834815,巨东股份,浙江巨东股份有限公司,2015,1
833289,超洋股份,智慧超洋建设工程股份有限公司,2015,1
831176,天鸿股份,山东天鸿模具股份有限公司,2014,1
831396,许继智能,许昌智能继电器股份有限公司,2016,1
430711,泓源光电,泓源光电,2014,1
430323,天阶生物,北京世贸天阶生物科技股份有限公司,2013,1
835067,墨麟股份,深圳墨麟科技股份有限公司,2015,1
834498,易简集团,易简广告传媒集团股份有限公司,2016,1
832350,汇知康,河南曙光汇知康生物科技股份有限公司,2016,1
834279,科威环保,科威天使环保科技集团股份有限公司,2015,1
430310,博易股份,博易股份,2014,1
430194,锐风行,北京锐风行艺术交流股份有限公司,2016,1
831271,燎原药业,浙江燎原药业股份有限公司,2016,1
430084,星和众工,北京星和众工设备技术股份有限公司,2014,1
837755,泰美好,北京泰美好健康管理股份有限公司,2015,1
832013,博涛文化,大连博涛文化科技股份有限公司,2015,1
430489,佳先股份,安徽佳先功能助剂股份有限公司,2015,1
831881,鑫聚光电,东莞市鑫聚光电科技股份有限公司,2014,1
430292,威控科技,北京威控科技股份有限公司,2014,1
835239,网银互联,杭州网银互联科技股份有限公司,2015,1
430054,超毅网络,拉萨经济技术开发区超毅世纪网络技术股份有限公司,2016,1
833988,中成发展,江苏中成紧固技术发展股份有限公司,2016,1
830835,南源电力,贵州南源电力科技股份有限公司,2014,1
831020,华阳密封,大连华阳密封股份有限公司,2014,1
831866,蔚林股份,蔚林新材料科技股份有限公司,2015,1
832671,冠宇科技,厦门冠宇科技股份有限公司,2015,1
833949,正发股份,鞍山正发表面技术工程股份有限公司,2015,1
430395,奥盖克,青岛奥盖克化工股份有限公司,2016,1
430349,安威士,上海安威士科技股份有限公司,2016,1
831773,金巴赫,青岛金巴赫国际物流股份有限公司,2015,1
430541,翼兴节能,大连翼兴节能科技股份有限公司,2016,1
831340,金童股份,苏州金童机械制造股份有限公司,2014,1
832077,合成药业,陕西合成药业股份有限公司,2015,1
835130,天环创新,广东天环创新科技股份有限公司,2015,1
832841,天语和声,天语和声,2016,1
430556,雅达股份,广东雅达电子股份有限公司,2016,1
430263,蓝天环保,北京蓝天瑞德环保技术股份有限公司,2016,1
832629,易信达,成都易信达科技股份有限公司,2014,1
830937,信达智能,湖南信达智能设备股份有限公司,2016,1
831400,九信资产,九信资产,2014,1
831799,九华山酒,安徽九华山酒业股份有限公司,2016,1
430230,银都传媒,武汉银都文化传媒股份有限公司,2014,1
430130,卡联科技,卡联科技集团股份有限公司,2016,1
832471,美邦科技,河北美邦工程科技股份有限公司,2014,1
831677,天意有福,天意有福科技股份有限公司,2016,1
830799,艾融软件,上海艾融软件股份有限公司,2015,1
834448,遥望网络,遥望网络,2016,1
831235,点米科技,点米网络科技股份有限公司,2016,1
832972,中能股份,黑龙江省中能控制工程股份有限公司,2016,1
831212,耐磨科技,云南昆钢耐磨材料科技股份有限公司,2016,1
834460,亿美汇金,北京亿美汇金信息技术股份有限公司,2015,1
832836,银钢一通,四川银钢一通凸轮科技股份有限公司,2015,1
832060,施可瑞,福建施可瑞医疗科技股份有限公司,2016,1
832507,晶宇环境,上海晶宇环境工程股份有限公司,2016,1
833714,安世亚太,安世亚太,2016,1
430198,微创光电,武汉微创光电股份有限公司,2012,1
430682,中天羊业,甘肃中天羊业股份有限公司,2014,1
831424,薪泽奇,江苏薪泽奇机械股份有限公司,2016,1
837022,雄狮装饰,山东雄狮建筑装饰股份有限公司,2015,1
835994,咏声动漫,咏声动漫,2015,1
837489,印克电商,上海印克电子商务股份有限公司,2015,1
831476,硕源科技,广东硕源科技股份有限公司,2015,1
831829,同方软银,大连同方软银科技股份有限公司,2016,1
833521,海积信息,上海海积信息科技股份有限公司,2015,1
834464,纽哈斯,北京纽哈斯科技股份有限公司,2015,1
830766,博锐尚格,博锐尚格,2016,1
831524,康耀电子,河南康耀电子股份有限公司,2014,1
835857,百甲科技,徐州中煤百甲重钢科技股份有限公司,2015,1
831105,盟云移软,上海盟云移软网络科技股份有限公司,2014,1
831073,瑞恒科技,福建瑞恒信息科技股份有限公司,2016,1
832308,旺盛园林,山东旺盛园林股份有限公司,2014,1
833123,瑞丰股份,重庆瑞丰包装股份有限公司,2014,1
832838,华绿生物,江苏华绿生物科技股份有限公司,2015,1
831754,康能生物,江苏康能生物工程股份有限公司,2014,1
831101,奥维云网,北京奥维云网大数据科技股份有限公司,2016,1
430015,盖特佳,北京盖特佳信息科技股份有限公司,2014,1
833416,掌上纵横,掌上纵横信息技术(北京)股份有限公司,2016,1
835969,华凌股份,张家口华凌建材股份有限公司,2015,1
831993,欧克精化,河北欧克精细化工股份有限公司,2016,1
832511,科益气体,河南科益气体股份有限公司,2016,1
832132,民正农牧,河南民正农牧股份有限公司,2016,1
831493,赛特传媒,福建赛特传媒股份有限公司,2016,1
832149,利尔达,利尔达科技集团股份有限公司,2016,1
832017,中兴机械,石家庄中兴机械制造股份有限公司,2015,1
830794,奥派股份,南京奥派信息产业股份公司,2015,1
831885,鱼鳞图,四川鱼鳞图信息技术股份有限公司,2016,1
833205,博采网络,杭州博采网络科技股份有限公司,2014,1
831366,国龙医疗,宁夏国龙医疗发展股份有限公司,2015,1
834368,华新能源,西安华新新能源股份有限公司,2015,1
832885,星辰科技,桂林星辰科技股份有限公司,2016,1
831023,北展股份,大连北方国际展览股份有限公司,2015,1
832757,景安网络,郑州市景安网络科技股份有限公司,2015,1
835662,明天种业,江苏明天种业科技股份有限公司,2015,1
836231,新力新材,浙江新力新材料股份有限公司,2015,1
831769,中马园林,浙江中马园林机器股份有限公司,2015,1
830976,电通微电,深圳电通纬创微电子股份有限公司,2015,1
834023,金投金融,四川金投金融电子服务股份有限公司,2015,1
430690,酷买网,酷买网(北京)科技股份有限公司,2015,1
830814,浩博新材,江苏浩博新材料股份有限公司,2016,1
832481,鸿盛科技,张家港鸿盛电子科技股份有限公司,2015,1
832440,九天高科,江苏九天高科技股份有限公司,2014,1
834894,宝亮股份,内蒙古宝亮信息技术股份有限公司,2015,1
832210,科诺铝业,宁波科诺铝业股份有限公司,2016,1
430051,九恒星,北京九恒星科技股份有限公司,2015,1
831776,中云创,河南中云创光电科技股份有限公司,2014,1
833524,光晟电器,广东顺德光晟电器股份有限公司,2015,1
830993,壹玖壹玖,壹玖壹玖酒类平台科技股份有限公司,2015,1
837945,焦点品牌,上海焦点品牌管理股份有限公司,2015,1
430276,晟矽微电,上海晟矽微电子股份有限公司,2014,1
833836,盛祥电子,江西盛祥电子材料股份有限公司,2015,1
833539,大方生态,重庆大方生态环境治理股份有限公司,2015,1
831509,中科英泰,青岛中科英泰商用系统股份有限公司,2014,1
834952,中联环保,北京中电联环保股份有限公司,2015,1
831609,壹加壹,宁夏壹加壹农牧股份有限公司,2016,1
835520,信诺立兴,黄骅市信诺立兴精细化工股份有限公司,2015,1
835481,锦浪科技,锦浪科技,2015,1
836327,西岐网络,厦门西岐网络股份有限公司,2015,1
830984,德邦工程,南京德邦金属装备工程股份有限公司,2015,1
430427,飞田通信,上海飞田通信股份有限公司,2014,1
831065,鑫干线,鑫干线(北京)科技股份公司,2016,1
833409,泉源堂,成都泉源堂大药房连锁股份有限公司,2014,1
832245,慧翰股份,慧翰股份,2015,1
830765,协盛科技,天津协盛科技股份有限公司,2015,1
831593,朗昇电气,哈尔滨朗昇电气股份有限公司,2015,1
831838,福康药业,吉林福康药业股份有限公司,2016,1
832314,四砂泰益,青岛四砂泰益超硬研磨股份有限公司,2015,1
831284,迈科智能,珠海迈科智能科技股份有限公司,2016,1
833554,新翔科技,北京新翔维创科技股份有限公司,2015,1
832558,爽口源,甘肃爽口源生态科技股份有限公司,2014,1
430638,景格科技,上海景格科技股份有限公司,2016,1
831188,正兴玉,雅安正兴汉白玉股份有限公司,2014,1
430695,浩海科技,青岛浩海网络科技股份有限公司,2016,1
430373,捷安高科,郑州捷安高科股份有限公司,2016,1
831139,江西广蓝,江西省广蓝传动科技股份有限公司,2015,1
430725,九五智驾,北京九五智驾信息技术股份有限公司,2016,1
430191,波尔通信,北京波尔通信技术股份有限公司,2015,1
430216,风格信息,上海风格信息技术股份有限公司,2015,1
832189,科瑞达,河北科瑞达仪器科技股份有限公司,2014,1
430141,久日新材,天津久日新材料股份有限公司,2012,1
831767,知音文化,上海知音音乐文化股份有限公司,2015,1
831402,帝联科技,上海帝联信息科技股份有限公司,2016,1
831271,燎原药业,浙江燎原药业股份有限公司,2015,1
835840,明动软件,广州明动软件股份有限公司,2015,1
832174,益立胶囊,浙江益立胶囊股份有限公司,2014,1
831775,巨龙生物,河南巨龙生物工程股份有限公司,2016,1
430184,北方跃龙,北方跃龙科技(北京)股份有限公司,2014,1
836356,易信科技,深圳易信科技股份有限公司,2015,1
430523,泰谷生物,湖南泰谷生物科技股份有限公司,2015,1
838232,加勒股份,镇江加勒智慧电力科技股份有限公司,2015,1
833802,希尔化工,浙江希尔化工股份有限公司,2015,1
430675,天跃科技,上海天跃科技股份有限公司,2014,1
832495,精铟海工,广东精铟海洋工程股份有限公司,2014,1
832208,尔格科技,浙江尔格科技股份有限公司,2015,1
831222,金龙腾,北京市金龙腾装饰股份有限公司,2014,1
833677,芯能科技,浙江芯能光伏科技股份有限公司,2015,1
831517,凯伦建材,凯伦建材,2014,1
833407,亚华智库,深圳亚华智库管理顾问股份有限公司,2014,1
832015,基调网络,北京基调网络股份有限公司,2015,1
834592,一乘股份,云南一乘驾驶培训股份有限公司,2015,1
836498,柏尔智能,深圳市柏尔智能科技股份有限公司,2015,1
836258,高兴新材,山东高兴新材料股份有限公司,2015,1
833856,宝润兴业,北京宝润兴业科技股份有限公司,2015,1
430272,光伏宝,世富光伏宝(上海)环保科技股份有限公司,2015,1
831516,金科环保,湖北金科环保科技股份有限公司,2014,1
833633,联众智慧,联众智慧,2015,1
832022,珈诚生物,宁波珈诚生物科技股份有限公司,2014,1
830781,精鹰传媒,广东精鹰传媒股份有限公司,2016,1
832085,万古科技,北京万古科技股份有限公司,2016,1
831261,天海科技,山东天海科技股份有限公司,2016,1
430208,优炫软件,北京优炫软件股份有限公司,2012,1
830782,泰安众诚,泰安众诚自动化设备股份有限公司,2014,1
838364,点景科技,福建点景科技股份有限公司,2015,1
831718,青鸟软通,山东青鸟软通信息技术股份有限公司,2014,1
831652,康华远景,北京康华远景科技股份有限公司,2014,1
430209,康孚科技,北京康孚科技股份有限公司,2014,1
430633,卡姆医疗,上海卡姆南洋医疗器械股份有限公司,2014,1
831056,千叶药包,贵州千叶药品包装股份有限公司,2013,1
833333,科雷斯普,江苏科雷斯普能源科技股份有限公司,2016,1
832547,利策科技,上海利策科技股份有限公司,2015,1
831212,耐磨科技,云南昆钢耐磨材料科技股份有限公司,2015,1
430367,力码科,北京力码科信息技术股份有限公司,2014,1
430239,信诺达,北京信诺达泰思特科技股份有限公司,2015,1
430352,慧网通达,北京慧网通达科技股份有限公司,2016,1
834233,沙电电气,长沙沙电电气股份有限公司,2015,1
832966,道尔智控,深圳市道尔智控科技股份有限公司,2016,1
832987,牡丹联友,北京牡丹联友环保科技股份有限公司,2016,1
833111,国泰股份,青岛国泰药业股份有限公司,2015,1
430124,汉唐自远,北京汉唐自远技术股份有限公司,2014,1
834658,华天发展,南京华天科技发展股份有限公司,2015,1
832916,京东健康,唐山京东大健康股份有限公司,2015,1
430673,天佑铁道,上海天佑铁道新技术研究所股份有限公司,2016,1
831085,博冠股份,广州博冠光电科技股份有限公司,2016,1
832876,慧为智能,深圳市慧为智能科技股份有限公司,2014,1
832455,传视影视,苏州传视影视传媒股份有限公司,2015,1
430670,东芯通信,合肥东芯通信股份有限公司,2013,1
832357,益通股份,益通天然气股份有限公司,2016,1
835264,康宏股份,浙江康宏物流股份有限公司,2015,1
832698,青雨传媒,东阳青雨传媒股份有限公司,2014,1
831120,达海智能,达海智能,2014,1
831713,天源环保,武汉天源环保股份有限公司,2016,1
832884,瑞晟智能,浙江瑞晟智能科技股份有限公司,2015,1
430206,尚远环保,武汉尚远环保股份有限公司,2014,1
836030,金居股份,金居建设发展股份有限公司,2015,1
831977,通宇电子,安徽通宇电子股份有限公司,2015,1
831314,深科达,深圳市深科达智能装备股份有限公司,2014,1
430497,威硬工具,威海威硬工具股份有限公司,2016,1
831473,江苏科幸,江苏科幸新材料股份有限公司,2014,1
833060,顺治科技,杭州顺治科技股份有限公司,2016,1
835739,般若系统,深圳般若计算机系统股份有限公司,2015,1
832172,倍通股份,深圳市倍通检测股份有限公司,2015,1
832794,万斯达,山东万斯达建筑科技股份有限公司,2015,1
831572,疆能股份,新疆新华能电气股份有限公司,2016,1
832193,宏晶科技,合肥宏晶微电子科技股份有限公司,2015,1
831710,昊方机电,安徽昊方机电股份有限公司,2016,1
832609,意昂股份,福建意昂机电股份公司,2015,1
832521,合一康,深圳市合一康生物科技股份有限公司,2016,1
430577,力龙信息,武汉力龙信息科技股份有限公司,2014,1
835145,南自股份,浙江南自智能科技股份有限公司,2015,1
830908,普诺威,江苏普诺威电子股份有限公司,2014,1
831544,北超伺服,北京超同步伺服股份有限公司,2014,1
831744,万信达,深圳市万信达生态环境股份有限公司,2016,1
430357,行悦信息,行悦信息科技股份有限公司,2013,1
430707,欧神诺,欧神诺,2014,1
831143,焕鑫新材,江苏焕鑫新材料股份有限公司,2016,1
430174,沃捷传媒,北京沃捷文化传媒股份有限公司,2014,1
430139,华岭股份,上海华岭集成电路技术股份有限公司,2014,1
430163,三众能源,北京合创三众能源科技股份有限公司,2015,1
430486,普金科技,广州普金计算机科技股份有限公司,2016,1
831246,欧力配网,珠海欧力配网自动化股份有限公司,2014,1
834909,汉氏联合,北京汉氏联合生物技术股份有限公司,2015,1
833448,灵动微电,上海灵动微电子股份有限公司,2014,1
832914,锐嘉工业,广州锐嘉工业股份有限公司,2015,1
831826,华菱医疗,张家港华菱医疗设备股份公司,2015,1
430234,翼捷股份,上海翼捷工业安全设备股份有限公司,2014,1
837069,华如科技,北京华如科技股份有限公司,2015,1
831404,宝丽兴源,北京宝丽兴源技术服务股份有限公司,2015,1
832259,鸿发有色,南京鸿发有色金属制造股份有限公司,2016,1
831697,海优新材,上海海优威新材料股份有限公司,2015,1
430338,银音科技,上海银音信息科技股份有限公司,2014,1
831093,鑫航科技,河北鑫航铁塔科技股份有限公司,2016,1
832499,天海流体,铜陵天海流体控制股份有限公司,2014,1
834580,天线宝宝,福建天线宝宝食品股份有限公司,2016,1
835036,众联能创,上海众联能创新能源科技股份有限公司,2015,1
430144,煦联得,北京煦联得节能科技股份有限公司,2014,1
831918,天立泰,安徽天立泰科技股份有限公司,2015,1
430065,中海阳,中海阳能源集团股份有限公司,2012,1
430345,天呈医流,上海天呈医流科技股份有限公司,2015,1
830772,远航科技,威海远航科技发展股份有限公司,2016,1
835811,唯达技术,江苏唯达水处理技术股份有限公司,2015,1
830886,太尔科技,福建太尔电子科技股份有限公司,2013,1
830837,古城香业,河北古城香业集团股份有限公司,2016,1
831048,天成股份,承德天成印刷科技股份有限公司,2014,1
833616,金锂科技,江西省金锂科技股份有限公司,2015,1
832518,佳汇设计,浙江佳汇建筑设计股份有限公司,2014,1
430583,国贸酝领,江苏国贸酝领智能科技股份有限公司,2013,1
832533,利美康,贵州利美康外科医院股份有限公司,2016,1
833087,勇辉生态,绵阳市勇辉生态农业股份有限公司,2016,1
836897,合立道,厦门合立道工程设计集团股份有限公司,2015,1
832016,奥伦德,深圳市奥伦德科技股份有限公司,2014,1
430254,中卉生态,上海中卉生态科技股份有限公司,2014,1
830784,威尔凯,威尔凯电气(上海)股份有限公司,2016,1
838025,拜瑞口腔,珠海拜瑞口腔医疗股份有限公司,2015,1
832407,华翼微,山东华翼微电子技术股份有限公司,2014,1
430509,银利智能,中山银利智能科技股份有限公司,2014,1
833178,中美福源,中美福源生物技术(北京)股份有限公司,2015,1
430699,海欣医药,上海海欣医药股份有限公司,2015,1
833926,安集协康,上海安集协康生物技术股份有限公司,2015,1
831341,必由学,大连必由学教育网络股份有限公司,2014,1
832479,长荣农科,山西长荣农业科技股份有限公司,2014,1
832151,听牧肉牛,云南海潮集团听牧肉牛产业股份有限公司,2014,1
430657,楼兰股份,大连楼兰科技股份有限公司,2013,1
430612,雅威特,大连雅威特生物技术股份有限公司,2015,1
834658,华天发展,南京华天科技发展股份有限公司,2016,1
831535,拓斯达,拓斯达,2014,1
830867,全华光电,武汉全华光电科技股份有限公司,2015,1
834270,远大特材,山东远大特材科技股份有限公司,2015,1
831775,巨龙生物,河南巨龙生物工程股份有限公司,2015,1
430540,五龙制动,石家庄五龙制动器股份有限公司,2016,1
832862,惠柏新材,惠柏新材料科技(上海)股份有限公司,2015,1
832568,阿波罗,上海阿波罗机械股份有限公司,2014,1
834347,天畅环保,山东天畅环保科技股份有限公司,2015,1
430156,科曼股份,上海科曼车辆部件系统股份有限公司,2016,1
831646,汉能碳,汉能碳资产管理(北京)股份有限公司,2014,1
833278,北旺农牧,辽宁北旺农牧股份公司,2014,1
834474,里得电科,武汉里得电力科技股份有限公司,2015,1
836785,晶彩光电,福建晶彩光电科技股份有限公司,2015,1
832331,高士达,厦门高士达科技股份有限公司,2016,1
831640,碧沃丰,佛山市碧沃丰生物科技股份有限公司,2016,1
830986,九星娱乐,合肥九星娱乐股份有限公司,2015,1
830863,瑞华天健,北京瑞华天健科技股份有限公司,2013,1
831171,海纳生物,广东海纳川生物科技股份有限公司,2014,1
831508,拓新股份,新乡拓新药业股份有限公司,2014,1
430071,首都在线,北京首都在线科技股份有限公司,2013,1
830999,银橙传媒,上海银橙文化传媒股份有限公司,2013,1
831880,春旺环保,深圳市春旺环保科技股份有限公司,2014,1
833715,凯世光研,深圳凯世光研股份有限公司,2015,1
836346,亿玛在线,北京亿玛在线科技股份有限公司,2015,1
835064,华大股份,广东华大互联网股份有限公司,2015,1
834534,曼恒数字,上海曼恒数字技术股份有限公司,2016,1
831462,友泰电气,浙江友泰电气股份有限公司,2015,1
831643,仙剑文化,上海仙剑文化传媒股份有限公司,2015,1
832099,新疆火炬,新疆火炬燃气股份有限公司,2016,1
430210,舜能润滑,天津舜能润滑科技股份有限公司,2016,1
430253,兴竹信息,北京兴竹同智信息技术股份有限公司,2013,1
831560,盈建科,盈建科,2016,1
831025,万兴隆,佛山市万兴隆再生资源开发股份有限公司,2016,1
832513,汇群中药,广东汇群中药饮片股份有限公司,2014,1
833374,东方股份,浙江衢州东方集团股份有限公司,2015,1
831779,卓越信通,北京卓越信通电子股份有限公司,2016,1
430266,联动设计,武汉联动设计股份有限公司,2015,1
835128,景森设计,景森设计股份有限公司,2015,1
831484,久盛生态,吉林久盛生态环境科技股份有限公司,2014,1
832414,精湛光电,江苏精湛光电仪器股份有限公司,2015,1
832347,太矿电气,太原矿机电气股份有限公司,2014,1
830971,科特环保,苏州科特环保股份有限公司,2015,1
832967,利达发展,利达发展,2015,1
834500,猫诚电商,上海猫诚电子商务股份有限公司,2015,1
832637,华源磁业,上海华源磁业股份有限公司,2014,1
831390,宜都运机,湖北宜都运机机电股份有限公司,2014,1
832894,紫光通信,杭州紫光通信技术股份有限公司,2014,1
832219,建装业,深圳市建装业集团股份有限公司,2015,1
831974,维森信息,辽宁维森信息技术股份有限公司,2015,1
832419,路斯股份,山东路斯宠物食品股份有限公司,2015,1
430493,新成新材,大同新成新材料股份有限公司,2014,1
836653,实力文化,北京实力电传文化发展股份有限公司,2015,1
430428,陕西瑞科,陕西瑞科新材料股份有限公司,2015,1
833063,高华股份,蚌埠高华电子股份有限公司,2014,1
832236,丰源股份,山东丰源生物质发电股份公司,2016,1
838212,中吉号,深圳市中吉号茶业股份有限公司,2015,1
835573,茉印股份,浙江茉织华印刷股份有限公司,2015,1
831677,天意有福,天意有福科技股份有限公司,2015,1
837600,万高科技,北京万高众业科技股份有限公司,2015,1
835086,房米网,厦门房米网络股份有限公司,2014,1
833278,北旺农牧,辽宁北旺农牧股份公司,2016,1
430725,九五智驾,北京九五智驾信息技术股份有限公司,2014,1
430284,科胜石油,北京科胜伟达石油科技股份有限公司,2014,1
430171,电信易通,北京电信易通信息技术股份有限公司,2015,1
833083,爱林至善,爱林至善,2015,1
836116,潜能燃气,河北潜能燃气股份有限公司,2015,1
835295,联通人力,山东联通人力资源服务股份有限公司,2015,1
836460,风云科技,厦门风云科技股份有限公司,2015,1
430298,淘礼网,北京淘礼网科技股份有限公司,2015,1
833625,捷报文化,四川捷报文化传播股份有限公司,2014,1
430619,格纳斯,四川格纳斯光电科技股份有限公司,2014,1
430238,普华科技,上海普华科技发展股份有限公司,2015,1
430458,陆海科技,大连陆海科技股份有限公司,2015,1
832464,科大科技,山东科大机电科技股份有限公司,2016,1
833322,广通软件,广通软件,2015,1
832072,紫晶股份,北京紫晶之光科技股份有限公司,2015,1
430336,皇冠幕墙,天津皇冠幕墙装饰股份有限公司,2013,1
430197,津伦股份,津伦(天津)精密机械股份有限公司,2016,1
830902,长仪股份,四川长仪油气集输设备股份有限公司,2015,1
836798,捷帝股份,捷帝股份,2015,1
834961,东和设备,河南东和环保科技股份有限公司,2015,1
831481,瑞铃企管,浙江瑞铃企业管理股份有限公司,2015,1
831722,阿迪克,武汉阿迪克电子股份有限公司,2016,1
430369,威门药业,贵州威门药业股份有限公司,2014,1
835225,世纪空间,世纪空间,2015,1
832709,达特照明,深圳市达特照明股份有限公司,2015,1
834476,自在传媒,北京无限自在文化传媒股份有限公司,2015,1
430078,君德同创,北京君德同创农牧科技股份有限公司,2015,1
836987,联泰科技,上海联泰科技股份有限公司,2015,1
836219,鼎晶生物,上海鼎晶生物医药科技股份有限公司,2015,1
831678,利德浆料,湖南利德电子浆料股份有限公司,2015,1
430290,和隆优化,北京和隆优化科技股份有限公司,2014,1
834507,元年科技,北京元年科技股份有限公司,2015,1
831108,茶乾坤,浙江茶乾坤食品股份有限公司,2014,1
831885,鱼鳞图,四川鱼鳞图信息技术股份有限公司,2015,1
830851,骏华农牧,宁夏骏华月牙湖农牧科技股份有限公司,2015,1
831979,林格贝,大兴安岭林格贝寒带生物科技股份有限公司,2014,1
833783,源培生物,上海源培生物科技股份有限公司,2015,1
831126,元鼎科技,北京元鼎时代科技股份有限公司,2015,1
831138,光影侠,光影侠,2015,1
832137,罗伯特,安徽罗伯特科技股份有限公司,2016,1
831479,湘联股份,湖南湘联节能科技股份有限公司,2014,1
835151,中科星冠,北京中科星冠生物技术股份有限公司,2015,1
836686,超能国际,深圳市超能国际供应链管理股份有限公司,2015,1
831660,富深协通,江苏富深协通科技股份有限公司,2015,1
430339,中搜网络,北京中搜网络技术股份有限公司,2015,1
832296,天维尔,天维尔信息科技股份有限公司,2015,1
837794,芝友医疗,武汉友芝友医疗科技股份有限公司,2015,1
835227,德品医疗,苏州德品医疗科技股份有限公司,2015,1
830821,雪郎生物,安徽雪郎生物科技股份有限公司,2015,1
430621,固安信通,固安信通信号技术股份有限公司,2016,1
430080,尚水股份,北京尚水信息技术股份有限公司,2016,1
831134,爱特科技,常州爱特科技股份有限公司,2014,1
832817,身临其境,北京身临其境文化股份有限公司,2014,1
831774,凯实股份,浙江凯实激光科技股份有限公司,2015,1
430382,元亨光电,深圳市大族元亨光电股份有限公司,2015,1
831940,网高科技,北京网高科技股份有限公司,2014,1
831559,天高股份,武汉天高熔接股份有限公司,2016,1
836025,博易创为,博易创为(北京)数字传媒股份有限公司,2015,1
831916,商中在线,厦门商中在线科技股份有限公司,2015,1
430742,光维通信,上海光维通信技术股份有限公司,2015,1
833555,华南信息,四川华南信息产业股份有限公司,2015,1
832030,皆悦传媒,上海皆悦文化影视传媒股份有限公司,2015,1
832657,光合文旅,光合文旅控股股份有限公司,2015,1
832160,红鹰能源,广州红鹰能源科技股份有限公司,2015,1
832984,埃森普特,成都埃森普特科技股份有限公司,2016,1
833574,爱知之星,北京爱知之星科技股份有限公司,2016,1
833786,超纯环保,深圳市超纯环保股份有限公司,2014,1
430081,五八汽车,北京五八汽车科技股份有限公司,2016,1
832339,远大宏略,北京远大宏略科技股份有限公司,2016,1
833175,浩瀚深度,北京浩瀚深度信息技术股份有限公司,2015,1
830941,明硕股份,上海明硕供应链管理股份有限公司,2016,1
836790,禾呈科技,杭州禾呈科技股份有限公司,2015,1
430229,绿岸网络,上海绿岸网络科技股份有限公司,2014,1
839096,激想体育,上海激想体育文化股份有限公司,2015,1
430508,中视文化,海南中视文化传播股份有限公司,2015,1
833464,苏州沪云,苏州沪云肿瘤研究中心股份有限公司,2015,1
830845,芯邦科技,深圳芯邦科技股份有限公司,2014,1
430564,天润科技,陕西天润科技股份有限公司,2015,1
832721,思达新能,大连思达新能源股份有限公司,2015,1
830792,创新科技,山东创新腐植酸科技股份有限公司,2015,1
830787,唐朝股份,福州唐朝彩印股份有限公司,2014,1
430178,白虹软件,上海白虹软件科技股份有限公司,2015,1
832640,青木高新,荣成青木高新材料股份有限公司,2016,1
832770,赛格导航,深圳市赛格导航科技股份有限公司,2016,1
831489,天衡股份,湖南天衡儿童用品股份有限公司,2014,1
430328,北京希电,北京锦鸿希电信息技术股份有限公司,2014,1
832376,天原药业,承德天原药业股份有限公司,2016,1
832304,纽威科技,武汉纽威晨创科技发展股份有限公司,2014,1
834082,中建信息,中建材信息技术股份有限公司,2015,1
831425,致善生物,厦门致善生物科技股份有限公司,2014,1
430752,索泰能源,索泰能源,2014,1
831399,参仙源,参仙源参业股份有限公司,2013,1
834626,弗尔赛,苏州弗尔赛能源科技股份有限公司,2015,1
831628,西部超导,西部超导材料科技股份有限公司,2014,1
430090,同辉信息,同辉佳视(北京)信息技术股份有限公司,2015,1
831858,海誉科技,贵州海誉科技股份有限公司,2016,1
833697,上海未来,上海未来企业股份有限公司,2015,1
835107,源大股份,温州源大创业服务股份有限公司,2015,1
831005,华维电瓷,萍乡华维电瓷科技股份有限公司,2014,1
430358,基美影业,上海基美影业股份有限公司,2014,1
430144,煦联得,北京煦联得节能科技股份有限公司,2016,1
430297,金硕信息,天津金硕信息科技集团股份有限公司,2015,1
832397,恒神股份,江苏恒神股份有限公司,2014,1
834286,爱得科技,爱得科技,2015,1
831032,景睿策划,上海景睿营销策划股份有限公司,2014,1
430263,蓝天环保,北京蓝天瑞德环保技术股份有限公司,2012,1
831141,风云汇,沈阳金铠建筑科技股份有限公司,2016,1
833260,万辰生物,福建万辰生物科技股份有限公司,2015,1
831631,北邮国安,北京北邮国安技术股份有限公司,2015,1
831655,马龙国华,江苏马龙国华工贸股份有限公司,2015,1
832597,中移能,山东中移能节能环保科技股份有限公司,2015,1
834337,宏川智慧,广东宏川智慧物流股份有限公司,2015,1
832157,龙华薄膜,四川龙华光电薄膜股份有限公司,2016,1
831086,星城石墨,星城石墨,2015,1
430459,华艺园林,华艺生态园林股份有限公司,2015,1
831576,汉博商业,北京汉博商业管理股份有限公司,2014,1
833454,同心传动,河南同心传动股份有限公司,2016,1
430036,鼎普科技,鼎普科技,2014,1
831648,盛景科技,苏州盛景信息科技股份有限公司,2016,1
833462,华瑞农业,甘肃华瑞农业股份有限公司,2015,1
831758,意欧斯,意欧斯智能科技股份有限公司,2015,1
833587,网班教育,上海网班教育科技股份有限公司,2015,1
832802,保丽洁,江苏保丽洁环境科技股份有限公司,2014,1
832473,欧泰科,上海欧泰科智能科技股份有限公司,2015,1
833281,派诺生物,吉林派诺生物技术股份有限公司,2014,1
831744,万信达,深圳市万信达生态环境股份有限公司,2014,1
830822,海容冷链,青岛海容商用冷链股份有限公司,2015,1
430715,春泉节能,郑州春泉节能股份有限公司,2015,1
833529,视纪印象,湖北视纪印象科技股份有限公司,2015,1
832186,惠尔顿,宁波惠尔顿婴童安全科技股份有限公司,2015,1
832912,西科种业,四川西科种业股份有限公司,2014,1
831879,龙钇科技,龙南龙钇重稀土科技股份有限公司,2014,1
832176,三扬股份,广东顺德三扬科技股份有限公司,2014,1
834342,慧云股份,慧云科技股份有限公司,2015,1
833122,中仪股份,武汉中仪物联技术股份有限公司,2016,1
832480,商会网络,上海商会网网络集团股份有限公司,2015,1
832068,苏变电气,苏变电气股份有限公司,2015,1
834554,豪帮高科,无锡豪帮高科股份有限公司,2015,1
830808,中智华体,中智华体(北京)科技股份有限公司,2016,1
831420,北信得实,北信得实,2016,1
833977,悠派科技,芜湖悠派护理用品科技股份有限公司,2015,1
832243,力合节能,焦作力合节能装备股份有限公司,2015,1
831710,昊方机电,安徽昊方机电股份有限公司,2015,1
831973,善为影业,深圳善为影业股份有限公司,2014,1
831970,四川永强,四川永强机械施工股份有限公司,2015,1
831635,金鹏信息,河南金鹏信息技术股份有限公司,2015,1
831421,天富电气,广东天富电气股份有限公司,2015,1
831145,阿路美格,阿路美格,2014,1
430193,微传播,微传播(北京)网络科技股份有限公司,2016,1
836477,元延医药,北京元延医药科技股份有限公司,2015,1
833600,红人股份,扬州红人实业股份有限公司,2015,1
833788,品尚汇,深圳市品尚汇电子商务股份有限公司,2016,1
832618,中能兴科,中能兴科(北京)节能科技股份有限公司,2015,1
430522,超弦科技,湖南超弦科技股份有限公司,2016,1
835512,华翼蓝天,天津华翼蓝天科技股份有限公司,2015,1
430597,博安通,深圳市博安通科技股份有限公司,2014,1
833323,好帮手,好帮手,2015,1
836359,阿忒加,上海阿忒加文化发展股份有限公司,2015,1
833047,天堰科技,天津天堰科技股份有限公司,2014,1
832064,同里印刷,苏州同里印刷科技股份有限公司,2014,1
832180,绿洲森工,绿洲森工,2016,1
430020,建工华创,北京建工华创科技发展股份有限公司,2013,1
832422,福昕软件,福建福昕软件开发股份有限公司,2016,1
430097,赛德丽,北京赛德丽科技股份有限公司,2015,1
834617,飞博共创,厦门飞博共创网络科技股份有限公司,2015,1
832514,华旺股份,华旺股份,2016,1
838180,钢诺新材,钢诺新材料股份有限公司,2015,1
832637,华源磁业,上海华源磁业股份有限公司,2016,1
832926,恒屹农牧,呼伦贝尔恒屹农牧业股份有限公司,2015,1
832117,腾冉电气,苏州腾冉电气设备股份有限公司,2014,1
831727,中钢网,北京中钢网信息股份有限公司,2015,1
430038,信维科技,北京信维科技股份有限公司,2013,1
836032,建亚环保,江苏建亚环保科技股份有限公司,2015,1
835801,博大光通,北京博大光通物联科技股份有限公司,2015,1
831386,风华环保,广东风华环保设备股份有限公司,2015,1
832231,恒盛环保,河北恒华盛世环保科技股份有限公司,2015,1
835720,宝藤生物,上海宝藤生物医药科技股份有限公司,2015,1
836090,创富港,深圳市创富港商务服务股份有限公司,2015,1
832036,康复得,武汉康复得生物科技股份有限公司,2014,1
830988,兴和股份,湖北兴和电力新材料股份有限公司,2016,1
832327,海颐软件,烟台海颐软件股份有限公司,2015,1
830945,麟龙新材,江苏麟龙新材料股份有限公司,2015,1
832021,安谱实验,上海安谱实验科技股份有限公司,2015,1
831049,赛莱拉,广州赛莱拉干细胞科技股份有限公司,2016,1
831719,菱湖漆,安徽菱湖漆股份有限公司,2014,1
833714,安世亚太,安世亚太,2015,1
834643,豹风网络,深圳市豹风网络股份有限公司,2016,1
837206,西藏天旅,西藏天康旅游股份有限公司,2015,1
835019,神尔科技,深圳市神尔科技股份有限公司,2015,1
836518,中宝药业,扬州中宝药业股份有限公司,2015,1
430348,瑞斯福,北京瑞斯福高新科技股份有限公司,2015,1
833336,德生防水,唐山德生防水股份有限公司,2014,1
836789,晶科电子,广东晶科电子股份有限公司,2015,1
834054,游戏多,上海游戏多网络科技股份有限公司,2016,1
430236,美兰股份,创新美兰(合肥)股份有限公司,2015,1
833180,瀚丰矿业,吉林瀚丰矿业科技股份有限公司,2015,1
831237,飞宇科技,苏州飞宇精密科技股份有限公司,2015,1
833816,志成股份,安徽省志成建设工程咨询股份有限公司,2014,1
830881,圣泉集团,济南圣泉集团股份有限公司,2015,1
836093,优雅电商,优雅电子商务(北京)股份有限公司,2015,1
832401,奥宇节能,深圳市奥宇节能技术股份有限公司,2016,1
430627,页游科技,成都页游科技股份有限公司,2015,1
836628,云端传媒,北京云端文化传媒股份有限公司,2015,1
430243,铜牛信息,北京铜牛信息科技股份有限公司,2014,1
430255,中幼教育,北京深中幼国际教育科技股份有限公司,2015,1
832684,天运股份,广德天运新技术股份有限公司,2014,1
835924,柠檬网联,深圳市柠檬网联科技股份有限公司,2015,1
831220,新宁股份,安徽新宁装备股份有限公司,2014,1
831000,吉芬设计,北京吉芬时装设计股份有限公司,2015,1
430121,英福美,英福美,2013,1
830884,华盛供水,北京同力华盛环保供水科技股份有限公司,2015,1
831097,思为同飞,武汉思为同飞网络技术股份有限公司,2014,1
430447,广信科技,湖南广信科技股份有限公司,2016,1
831052,金开利,深圳市金开利科技股份有限公司,2013,1
832789,诚栋营地,北京诚栋国际营地集成房屋股份有限公司,2016,1
832601,天鸿新材,界首市天鸿新材料股份有限公司,2015,1
430282,优睿传媒,上海优睿文化传媒股份有限公司,2014,1
832927,顶峰影业,浙江顶峰影业股份有限公司,2016,1
830998,大铭新材,浙江大铭新材料股份有限公司,2015,1
832029,金正食品,潍坊金正食品股份有限公司,2015,1
832255,建通测绘,广州建通测绘地理信息技术股份有限公司,2015,1
430123,速原中天,北京速原中天科技股份公司,2012,1
837471,永佳动力,山东永佳动力股份有限公司,2015,1
835447,微卓科技,北京微卓科技股份有限公司,2015,1
835596,创达环科,杭州创达环境科技股份有限公司,2015,1
831122,永信科技,福建永信数控科技股份有限公司,2016,1
430421,华之邦,上海华之邦科技股份有限公司,2014,1
832180,绿洲森工,绿洲森工,2015,1
832464,科大科技,山东科大机电科技股份有限公司,2014,1
831852,东研科技,广东东研网络科技股份有限公司,2015,1
833412,帝瀚环保,苏州帝瀚环保科技股份有限公司,2016,1
835389,道拓医药,上海道拓医药科技股份有限公司,2015,1
832253,万琦威,珠海横琴万琦威数字建筑股份有限公司,2015,1
430074,德鑫物联,北京德鑫泉物联网科技股份有限公司,2015,1
831884,成达兴,福建成达兴智能科技股份有限公司,2016,1
836189,新诺航科,新诺北斗航科信息技术(厦门)股份有限公司,2015,1
430660,益佰广通,天津益佰碧源环保科技股份有限公司,2015,1
430260,布雷尔利,布雷尔利(保定)金属家居用品股份有限公司,2013,1
831040,优波科,郑州优波科新材料股份有限公司,2014,1
835648,同益股份,辽宁同益物流股份有限公司,2015,1
831059,霍斯通,广州霍斯通电气股份有限公司,2013,1
430682,中天羊业,甘肃中天羊业股份有限公司,2016,1
832107,达能电气,辽宁达能电气股份有限公司,2015,1
832230,新伟科技,开封市新伟电子科技股份有限公司,2016,1
833988,中成发展,江苏中成紧固技术发展股份有限公司,2014,1
834588,星光电影,上海星光电影股份有限公司,2015,1
832353,益泰药业,湖北益泰药业股份有限公司,2014,1
430286,东岩股份,上海东岩机械股份有限公司,2015,1
837430,良时智能,上海良时智能科技股份有限公司,2015,1
832477,航凯电力,北京世纪航凯电力科技股份有限公司,2014,1
832224,积硕科技,积硕科技,2016,1
430450,正佰电气,江苏正佰电气股份有限公司,2015,1
835342,鑫众科技,辽宁鑫众科技股份有限公司,2015,1
832632,德安股份,德安股份,2016,1
831702,源怡股份,山东源怡能源股份有限公司,2016,1
833101,禾元生物,武汉禾元生物科技股份有限公司,2015,1
430358,基美影业,上海基美影业股份有限公司,2016,1
835557,大成科创,大成科创基础建设股份有限公司,2015,1
833115,畅尔装备,浙江畅尔智能装备股份有限公司,2015,1
831974,维森信息,辽宁维森信息技术股份有限公司,2016,1
430167,四利通,北京四利通控制技术股份有限公司,2016,1
830947,金柏股份,金柏生态环境股份有限公司,2014,1
831141,风云汇,沈阳金铠建筑科技股份有限公司,2014,1
835412,鼎泰药研,江苏鼎泰药物研究股份有限公司,2015,1
832183,郑州远见,郑州远见安全装备股份有限公司,2014,1
833077,伯肯节能,北京伯肯节能科技股份有限公司,2014,1
832014,绿之彩,广东绿之彩印刷科技股份有限公司,2015,1
430416,地林伟业,北京地林伟业科技股份有限公司,2016,1
832988,力软科技,力软科技(大连)股份有限公司,2015,1
830830,新昶虹,江阴市新昶虹电力科技股份有限公司,2015,1
832204,易科势腾,北京易科势腾科技股份有限公司,2016,1
833073,威盛电子,西安威盛电子科技股份有限公司,2015,1
831186,金鸿药业,金鸿药业股份有限公司,2014,1
831648,盛景科技,苏州盛景信息科技股份有限公司,2014,1
835942,天康医疗,安徽天康医疗科技股份有限公司,2015,1
832665,德安环保,新疆德安环保科技股份有限公司,2016,1
835014,梵诺空间,北京梵诺空间设计股份有限公司,2016,1
430513,中科三耐,沈阳中科三耐新材料股份有限公司,2015,1
833819,颖泰生物,北京颖泰嘉和生物科技股份有限公司,2015,1
430307,扬讯科技,上海扬讯计算机科技股份有限公司,2014,1
831424,薪泽奇,江苏薪泽奇机械股份有限公司,2014,1
833538,中旭石化,辽宁中旭石化科技股份有限公司,2015,1
430183,天友设计,天津市天友建筑设计股份有限公司,2016,1
830858,华图教育,北京华图宏阳教育文化发展股份有限公司,2015,1
831813,广新信息,广东广新信息产业股份有限公司,2015,1
831961,创远仪器,上海创远仪器技术股份有限公司,2014,1
832133,天涌影视,上海天涌影视传媒股份有限公司,2016,1
430380,成明节能,陕西成明节能技术股份有限公司,2014,1
430242,蓝贝望,北京蓝贝望生物医药科技股份有限公司,2014,1
831594,赛力克,广东赛力克防水材料股份有限公司,2016,1
832176,三扬股份,广东顺德三扬科技股份有限公司,2016,1
834346,亿海蓝,亿海蓝(北京)数据技术股份公司,2015,1
831764,拓美传媒,北京拓美文化传媒股份有限公司,2015,1
832139,沃田农业,江苏沃田集团股份有限公司,2014,1
832595,海宝生物,大连耳东影业股份有限公司,2014,1
833726,蜂派科技,杭州蜂派科技股份有限公司,2015,1
831432,优尼科,湖北优尼科光电技术股份有限公司,2015,1
831176,天鸿股份,山东天鸿模具股份有限公司,2015,1
835995,松赫股份,河北松赫再生资源股份有限公司,2015,1
834068,蓝氧科技,珠海市新依科蓝氧科技股份有限公司,2015,1
831262,广建装饰,重庆广建装饰股份有限公司,2014,1
832842,柯瑞工程,江苏柯瑞机电工程股份有限公司,2015,1
831323,长先新材,珠海长先新材料科技股份有限公司,2016,1
836572,万佳科技,江苏万佳科技开发股份有限公司,2015,1
835386,日德精密,太原日德泰兴精密不锈钢股份有限公司,2015,1
831463,凯雪冷链,郑州凯雪冷链股份有限公司,2015,1
430310,博易股份,博易股份,2015,1
837538,玖悦股份,上海玖悦文化传播股份有限公司,2015,1
831421,天富电气,广东天富电气股份有限公司,2014,1
832006,郑州水务,郑州水务建筑工程股份有限公司,2016,1
832773,寰烁股份,山西寰烁电子科技股份有限公司,2014,1
833047,天堰科技,天津天堰科技股份有限公司,2015,1
831727,中钢网,北京中钢网信息股份有限公司,2014,1
831881,鑫聚光电,东莞市鑫聚光电科技股份有限公司,2015,1
831145,阿路美格,阿路美格,2016,1
833624,维和药业,云南维和药业股份有限公司,2015,1
835864,中晟环境,苏州中晟环境修复股份有限公司,2015,1
836795,狼和医疗,江西狼和医疗器械股份有限公司,2015,1
430420,易城股份,上海易城工程顾问股份有限公司,2016,1
830835,南源电力,贵州南源电力科技股份有限公司,2015,1
831020,华阳密封,大连华阳密封股份有限公司,2015,1
831269,博凡动力,浙江博凡动力装备股份有限公司,2015,1
832469,富恒新材,深圳市富恒新材料股份有限公司,2015,1
430421,华之邦,上海华之邦科技股份有限公司,2015,1
831925,政通股份,广西政通工程股份有限公司,2016,1
831340,金童股份,苏州金童机械制造股份有限公司,2015,1
832676,先路医药,武汉先路医药科技股份有限公司,2015,1
831059,霍斯通,广州霍斯通电气股份有限公司,2014,1
833407,亚华智库,深圳亚华智库管理顾问股份有限公司,2016,1
430467,深圳行健,深圳市行健自动化股份有限公司,2014,1
832373,美特桥架,许昌美特桥架股份有限公司,2016,1
430553,海红技术,兰州海红技术股份有限公司,2014,1
831121,力久电机,山东力久特种电机股份有限公司,2013,1
837534,中坤股份,长沙中坤电气科技股份有限公司,2015,1
832629,易信达,成都易信达科技股份有限公司,2015,1
831400,九信资产,九信资产,2015,1
832741,禾泰股份,上海禾泰特种润滑科技股份有限公司,2015,1
832317,观典防务,观典防务技术股份有限公司,2016,1
430130,卡联科技,卡联科技集团股份有限公司,2015,1
832471,美邦科技,河北美邦工程科技股份有限公司,2015,1
830799,艾融软件,上海艾融软件股份有限公司,2014,1
831104,翔维科技,天津市翔维科技发展股份有限公司,2014,1
830953,惠当家,江西惠当家信息技术股份有限公司,2015,1
835244,数虎图像,深圳数虎图像股份有限公司,2015,1
430699,海欣医药,上海海欣医药股份有限公司,2016,1
430198,微创光电,武汉微创光电股份有限公司,2013,1
831459,伟诚科技,珠海伟诚科技股份有限公司,2015,1
430682,中天羊业,甘肃中天羊业股份有限公司,2015,1
836654,丹海生态,重庆丹海生态环境股份有限公司,2015,1
833103,兆舜科技,东莞兆舜有机硅科技股份有限公司,2015,1
831159,安达物流,天津安达物流股份有限公司,2014,1
430224,网动科技,北京网动网络科技股份有限公司,2015,1
830822,海容冷链,青岛海容商用冷链股份有限公司,2016,1
831586,高奇电子,福建高奇电子科技股份有限公司,2016,1
831476,硕源科技,广东硕源科技股份有限公司,2016,1
831123,大成空间,湖北大成空间科技股份有限公司,2013,1
430495,奥远电子,大连奥远电子股份有限公司,2016,1
834464,纽哈斯,北京纽哈斯科技股份有限公司,2014,1
830813,熔金股份,河南熔金高温材料股份有限公司,2014,1
430532,北鼎晶辉,深圳市北鼎晶辉科技股份有限公司,2015,1
832308,旺盛园林,山东旺盛园林股份有限公司,2015,1
831327,飞翼股份,飞翼股份有限公司,2014,1
430015,盖特佳,北京盖特佳信息科技股份有限公司,2015,1
831869,东南药业,苏州东南药业股份有限公司,2016,1
832879,开瑞物流,开瑞国际物流(山东)股份有限公司,2016,1
831473,江苏科幸,江苏科幸新材料股份有限公司,2016,1
830794,奥派股份,南京奥派信息产业股份公司,2016,1
833205,博采网络,杭州博采网络科技股份有限公司,2015,1
832525,德业变频,德业变频,2016,1
830999,银橙传媒,上海银橙文化传媒股份有限公司,2016,1
831366,国龙医疗,宁夏国龙医疗发展股份有限公司,2014,1
831811,中普防雷,湖南中普技术股份有限公司,2015,1
830976,电通微电,深圳电通纬创微电子股份有限公司,2014,1
834023,金投金融,四川金投金融电子服务股份有限公司,2014,1
832446,三瑞高材,上海三瑞高分子材料股份有限公司,2016,1
830810,广东羚光,广东羚光新材料股份有限公司,2015,1
831571,大洋股份,常州大洋线缆股份有限公司,2015,1
832988,力软科技,力软科技(大连)股份有限公司,2016,1
832440,九天高科,江苏九天高科技股份有限公司,2015,1
831776,中云创,河南中云创光电科技股份有限公司,2015,1
836286,易云股份,易云捷讯科技(北京)股份有限公司,2015,1
830993,壹玖壹玖,壹玖壹玖酒类平台科技股份有限公司,2014,1
832535,润龙包装,宁夏润龙包装新材料股份有限公司,2014,1
835747,朴道水汇,上海朴道水汇环保科技股份有限公司,2015,1
430393,三景科技,昆山三景科技股份有限公司,2015,1
833159,力好科技,广东力好科技股份有限公司,2015,0
831242,特辰科技,深圳市特辰科技股份有限公司,2014,0
430214,建中医疗,上海建中医疗器械包装股份有限公司,2016,0
837608,阳光坊,宁夏阳光坊节能科技股份有限公司,2015,0
830984,德邦工程,南京德邦金属装备工程股份有限公司,2014,0
833409,泉源堂,成都泉源堂大药房连锁股份有限公司,2015,0
832245,慧翰股份,慧翰股份,2014,0
833216,海涛股份,北京海涛国际旅行社股份有限公司,2014,0
831298,美基食品,河南永达美基食品股份有限公司,2015,0
831884,成达兴,福建成达兴智能科技股份有限公司,2014,0
430584,弘陆股份,上海弘陆物流设备股份有限公司,2016,0
831078,斯科电气,广东易通鼎盛科技股份有限公司,2015,0
430403,英思科技,武汉英思工程科技股份有限公司,2013,0
831139,江西广蓝,江西省广蓝传动科技股份有限公司,2014,0
430216,风格信息,上海风格信息技术股份有限公司,2014,0
835484,分子态,广东分子态生物股份有限公司,2015,0
831249,朗源科技,无锡朗源科技股份有限公司,2015,0
430141,久日新材,天津久日新材料股份有限公司,2013,0
832705,达瑞生物,广州市达瑞生物技术股份有限公司,2015,0
834273,新天力,云南新天力机械制造股份有限公司,2015,0
833491,沧海核装,河北沧海核装备科技股份有限公司,2015,0
430761,升禾环保,广西升禾环保科技股份有限公司,2016,0
831143,焕鑫新材,江苏焕鑫新材料股份有限公司,2014,0
430184,北方跃龙,北方跃龙科技(北京)股份有限公司,2015,0
834630,新片场,北京新片场传媒股份有限公司,2015,0
430179,宇昂科技,上海宇昂水性新材料科技股份有限公司,2012,0
833508,精工股份,廊坊精工模切机械股份有限公司,2015,0
835539,中宇万通,北京中宇万通科技股份有限公司,2015,0
430569,安尔发,广东安尔发智能科技股份有限公司,2015,0
832720,兴渝股份,重庆兴渝涂料股份有限公司,2015,0
832201,无人机,广东澄星无人机股份有限公司,2015,0
430389,意普万,东莞市意普万尼龙科技股份有限公司,2016,0
835723,宝海微元,江西宝海微元再生科技股份有限公司,2015,0
832208,尔格科技,浙江尔格科技股份有限公司,2014,0
831222,金龙腾,北京市金龙腾装饰股份有限公司,2015,0
833677,芯能科技,浙江芯能光伏科技股份有限公司,2016,0
835011,麦迪制冷,浙江麦迪制冷科技股份有限公司,2015,0
832015,基调网络,北京基调网络股份有限公司,2014,0
430589,银河激光,苏州银河激光科技股份有限公司,2014,0
430650,莱博股份,莱博药妆技术(上海)股份有限公司,2015,0
835532,思尔特,厦门航天思尔特机器人系统股份公司,2015,0
831089,金东唐,金东唐,2016,0
832764,德胜科技,洛阳德胜生物科技股份有限公司,2014,0
831126,元鼎科技,北京元鼎时代科技股份有限公司,2016,0
836170,中安精工,浙江中安精工股份有限公司,2015,0
832177,晶鑫股份,江苏晶鑫新材料股份有限公司,2015,0
430356,雷腾软件,上海雷腾软件股份有限公司,2016,0
832741,禾泰股份,上海禾泰特种润滑科技股份有限公司,2016,0
430664,联合永道,北京联合永道软件股份有限公司,2015,0
430027,北科光大,北京北科光大信息技术股份有限公司,2014,0
831762,和达科技,浙江和达科技股份有限公司,2015,0
831056,千叶药包,贵州千叶药品包装股份有限公司,2014,0
833145,天智科技,安徽天智信息科技集团股份有限公司,2015,0
430367,力码科,北京力码科信息技术股份有限公司,2015,0
430239,信诺达,北京信诺达泰思特科技股份有限公司,2014,0
831947,丹田股份,珠海市丹田物业管理股份有限公司,2014,0
832152,华富股份,昆山华富新材料股份有限公司,2016,0
835152,未来国际,西安未来国际信息股份有限公司,2015,0
830972,道一信息,广东道一信息技术股份有限公司,2016,0
834658,华天发展,南京华天科技发展股份有限公司,2014,0
430322,智合新天,智合新天(北京)传媒广告股份有限公司,2014,0
430415,钟舟电气,江阴钟舟电气股份有限公司,2015,0
832455,传视影视,苏州传视影视传媒股份有限公司,2014,0
835552,中汇瑞德,中汇瑞德,2015,0
833338,康爱生物,北京康爱瑞浩生物科技股份有限公司,2016,0
833559,亚太天能,广东亚太天能科技股份有限公司,2015,0
831120,达海智能,达海智能,2015,0
430206,尚远环保,武汉尚远环保股份有限公司,2015,0
831130,环宇装备,河南环宇石化装备科技股份有限公司,2016,0
430637,菱博电子,上海菱博电子技术股份有限公司,2014,0
835991,协成科技,协成科技股份有限公司,2015,0
832288,三人行,三人行,2016,0
833696,张江超艺,上海张江超艺多媒体系统股份有限公司,2015,0
832199,九方天和,北京九方天和新能源技术股份有限公司,2016,0
831473,江苏科幸,江苏科幸新材料股份有限公司,2015,0
831169,百特莱德,北京百特莱德工程技术股份有限公司,2014,0
836377,立义科技,广东立义科技股份有限公司,2015,0
830809,安达科技,贵州安达科技能源股份有限公司,2014,0
430646,上海底特,上海底特精密紧固件股份有限公司,2015,0
831728,阿尼股份,阿尼信息技术股份有限公司,2014,0
832172,倍通股份,深圳市倍通检测股份有限公司,2014,0
831572,疆能股份,新疆新华能电气股份有限公司,2015,0
832193,宏晶科技,合肥宏晶微电子科技股份有限公司,2014,0
832609,意昂股份,福建意昂机电股份公司,2014,0
832559,熊猫乳业,浙江熊猫乳业集团股份有限公司,2015,0
430577,力龙信息,武汉力龙信息科技股份有限公司,2015,0
831755,邦正科技,邦正科技股份有限公司,2015,0
830908,普诺威,江苏普诺威电子股份有限公司,2015,0
833067,中德宏泰,苏州中德宏泰电子科技股份有限公司,2015,0
833495,微瑞思创,北京微瑞思创信息科技股份有限公司,2016,0
833957,威丝曼,威丝曼,2015,0
430174,沃捷传媒,北京沃捷文化传媒股份有限公司,2013,0
430139,华岭股份,上海华岭集成电路技术股份有限公司,2015,0
430163,三众能源,北京合创三众能源科技股份有限公司,2014,0
430738,白兔湖,安徽白兔湖动力股份有限公司,2014,0
831427,信通电子,山东信通电子股份有限公司,2015,0
831826,华菱医疗,张家港华菱医疗设备股份公司,2014,0
430234,翼捷股份,上海翼捷工业安全设备股份有限公司,2013,0
832297,新生飞翔,海南新生飞翔文化传媒股份有限公司,2015,0
835307,龙的股份,苏州龙的信息系统股份有限公司,2015,0
836408,高精数控,沈阳高精数控智能技术股份有限公司,2015,0
831234,天辰股份,济南天辰铝机股份有限公司,2014,0
831697,海优新材,上海海优威新材料股份有限公司,2014,0
831482,和信基业,山西和信基业科技股份有限公司,2014,0
430338,银音科技,上海银音信息科技股份有限公司,2015,0
835574,鸿鑫互联,鸿鑫互联科技(北京)股份有限公司,2015,0
835599,鼎川物联,泰合鼎川物联科技(北京)股份有限公司,2015,0
831398,东联教育,内蒙古东联教育科技集团股份有限公司,2015,0
832499,天海流体,铜陵天海流体控制股份有限公司,2015,0
430546,乐彩科技,郑州乐彩科技股份有限公司,2016,0
430144,煦联得,北京煦联得节能科技股份有限公司,2015,0
831166,纳地股份,苏州纳地金属制品股份有限公司,2016,0
833475,深蓝机器,山东深蓝机器股份有限公司,2015,0
831048,天成股份,承德天成印刷科技股份有限公司,2013,0
833327,泰林生物,浙江泰林生物技术股份有限公司,2015,0
833616,金锂科技,江西省金锂科技股份有限公司,2014,0
832518,佳汇设计,浙江佳汇建筑设计股份有限公司,2015,0
835086,房米网,厦门房米网络股份有限公司,2016,0
430254,中卉生态,上海中卉生态科技股份有限公司,2013,0
834786,乐科节能,江苏乐科节能科技股份有限公司,2015,0
832494,首航直升,北京首航直升机股份有限公司,2015,0
831429,创力股份,浙江创力电子股份有限公司,2016,0
831606,方硕科技,山东方硕电子科技股份有限公司,2016,0
430699,海欣医药,上海海欣医药股份有限公司,2014,0
837207,沃特佳,济南沃特佳环境技术股份有限公司,2015,0
833208,良品电商,青岛摆渡信息科技股份有限公司,2015,0
430249,慧峰仁和,北京慧峰仁和科技股份有限公司,2016,0
832479,长荣农科,山西长荣农业科技股份有限公司,2015,0
832151,听牧肉牛,云南海潮集团听牧肉牛产业股份有限公司,2015,0
430657,楼兰股份,大连楼兰科技股份有限公司,2014,0
430612,雅威特,大连雅威特生物技术股份有限公司,2014,0
832145,恒合股份,北京恒合信业技术股份有限公司,2016,0
430270,易点天下,易点天下网络科技股份有限公司,2015,0
430471,豪威尔,郑州豪威尔电子科技股份有限公司,2016,0
832611,凯迪网络,海南智媒云图科技股份有限公司,2014,0
837951,华映传媒,上海华映文化传媒股份有限公司,2015,0
831579,三信股份,山东三信商贸股份有限公司,2016,0
832425,国农基业,北京国农基业科技发展股份有限公司,2015,0
831254,平方科技,深圳市平方科技股份有限公司,2016,0
832144,软智科技,南京软智科技股份有限公司,2014,0
832244,佳瑞高科,平顶山佳瑞高科实业股份有限公司,2014,0
830863,瑞华天健,北京瑞华天健科技股份有限公司,2014,0
430081,五八汽车,北京五八汽车科技股份有限公司,2014,0
831171,海纳生物,广东海纳川生物科技股份有限公司,2015,0
833958,顶固集创,广东顶固集创家居股份有限公司,2015,0
430071,首都在线,北京首都在线科技股份有限公司,2014,0
831734,展通电信,宁波展通电信设备股份有限公司,2016,0
430732,威马股份,山东威马泵业股份有限公司,2015,0
430732,威马股份,山东威马泵业股份有限公司,2014,0
430424,联合创业,北京联合创业环保工程股份有限公司,2014,0
430346,哇棒传媒,哇棒移动传媒股份有限公司,2013,0
833694,新道科技,新道科技股份有限公司,2015,0
831965,固瑞股份,大连固瑞聚氨酯股份有限公司,2015,0
833736,中塑在线,浙江中塑在线股份有限公司,2015,0
430240,随视传媒,北京随视传媒科技股份有限公司,2016,0
831462,友泰电气,浙江友泰电气股份有限公司,2014,0
831893,五谷股份,浙江五谷铜业股份有限公司,2016,0
831643,仙剑文化,上海仙剑文化传媒股份有限公司,2014,0
430642,映翰通,北京映翰通网络技术股份有限公司,2013,0
832513,汇群中药,广东汇群中药饮片股份有限公司,2015,0
831628,西部超导,西部超导材料科技股份有限公司,2016,0
832768,爱可生,上海爱可生信息技术股份有限公司,2015,0
430755,华曦达,深圳市华曦达科技股份有限公司,2014,0
832272,龙图信息,大连龙图信息技术股份有限公司,2015,0
833122,中仪股份,武汉中仪物联技术股份有限公司,2014,0
835128,景森设计,景森设计股份有限公司,2014,0
835452,元一传媒,东阳元一传媒股份有限公司,2015,0
831484,久盛生态,吉林久盛生态环境科技股份有限公司,2015,0
832663,金苹果,武威金苹果农业股份有限公司,2015,0
832859,晨越建管,成都晨越建设项目管理股份有限公司,2014,0
832414,精湛光电,江苏精湛光电仪器股份有限公司,2014,0
830971,科特环保,苏州科特环保股份有限公司,2014,0
832650,奔腾集团,奔腾科技实业集团股份有限公司,2014,0
832967,利达发展,利达发展,2014,0
834968,玄武科技,广州市玄武无线科技股份有限公司,2015,0
831876,华辰股份,浙江华辰新材股份有限公司,2015,0
835055,乐享方登,乐享方登,2015,0
832219,建装业,深圳市建装业集团股份有限公司,2014,0
831248,瑞德设计,杭州瑞德设计股份有限公司,2016,0
834547,鼎合远传,鼎合远传技术(北京)股份有限公司,2015,0
430428,陕西瑞科,陕西瑞科新材料股份有限公司,2014,0
835048,龙云旅游,黑龙江龙云旅游管理股份有限公司,2014,0
831677,天意有福,天意有福科技股份有限公司,2014,0
430703,高山水,深圳市高山水生态园林股份有限公司,2015,0
835086,房米网,厦门房米网络股份有限公司,2015,0
832327,海颐软件,烟台海颐软件股份有限公司,2016,0
430725,九五智驾,北京九五智驾信息技术股份有限公司,2015,0
831243,晓鸣农牧,宁夏晓鸣农牧股份有限公司,2014,0
430284,科胜石油,北京科胜伟达石油科技股份有限公司,2015,0
832571,点击网络,厦门鑫点击网络科技股份有限公司,2016,0
831063,安泰股份,安徽省安泰科技股份有限公司,2015,0
430552,亚成微,陕西亚成微电子股份有限公司,2014,0
833307,优格花园,青岛优格花园餐饮管理股份有限公司,2015,0
831790,凯德科技,东莞市凯昶德电子科技股份有限公司,2016,0
831740,地平线,河南地平线传媒股份有限公司,2016,0
430177,点点客,点点客信息技术股份有限公司,2015,0
832072,紫晶股份,北京紫晶之光科技股份有限公司,2014,0
832883,德润能源,胜利德润能源股份有限公司,2016,0
831345,海特股份,江苏海特服饰股份有限公司,2015,0
831225,宏景软件,北京宏景世纪软件股份有限公司,2015,0
430514,速升装备,江苏速升自动化装备股份有限公司,2014,0
430118,中钰医疗,中钰医疗控股(北京)股份有限公司,2015,0
836155,小小科技,安徽省小小科技股份有限公司,2015,0
832667,竹林松大,竹林松大科技股份有限公司,2016,0
430369,威门药业,贵州威门药业股份有限公司,2013,0
831488,华宏医药,江苏华宏医药股份有限公司,2015,0
831877,小羽佳,厦门小羽佳家政股份有限公司,2015,0
430482,河源富马,河源富马硬质合金股份有限公司,2014,0
430213,乐升股份,北京乐升科技股份有限公司,2012,0
831678,利德浆料,湖南利德电子浆料股份有限公司,2014,0
837152,高精锻压,浙江高精锻压股份有限公司,2015,0
832094,金昌蓝宇,沈阳金昌蓝宇新材料股份有限公司,2015,0
832453,恒福股份,恒福茶文化股份有限公司,2016,0
831885,鱼鳞图,四川鱼鳞图信息技术股份有限公司,2014,0
430591,明德生物,明德生物,2016,0
830851,骏华农牧,宁夏骏华月牙湖农牧科技股份有限公司,2014,0
831375,三强股份,上海三强企业集团股份有限公司,2014,0
831979,林格贝,大兴安岭林格贝寒带生物科技股份有限公司,2015,0
832271,威纶股份,苏州威纶精密机械股份有限公司,2015,0
831126,元鼎科技,北京元鼎时代科技股份有限公司,2014,0
832779,东方明康,北京东方明康医用设备股份有限公司,2015,0
833204,百事达,深圳市百事达卓越科技股份有限公司,2016,0
832678,众鑫科技,湖南众鑫新材料科技股份有限公司,2015,0
430039,华高世纪,北京华高世纪科技股份有限公司,2015,0
430748,恒均科技,安徽恒均粉末冶金科技股份有限公司,2013,0
832220,海德尔,海德尔节能环保股份有限公司,2016,0
831003,金大股份,金大智能技术股份有限公司,2014,0
832101,浩亚股份,上海浩亚机电股份有限公司,2014,0
832630,诺之股份,浙江诺之股份有限公司,2016,0
832519,中通电气,湖南中通电气股份有限公司,2015,0
430036,鼎普科技,鼎普科技,2016,0
831687,亨达股份,青岛亨达股份有限公司,2015,0
830821,雪郎生物,安徽雪郎生物科技股份有限公司,2014,0
832575,云迅通,深圳市云迅通科技股份有限公司,2014,0
835147,恒达新材,浙江恒达新材料股份有限公司,2015,0
832817,身临其境,北京身临其境文化股份有限公司,2015,0
430631,早康枸杞,早康枸杞,2015,0
831774,凯实股份,浙江凯实激光科技股份有限公司,2014,0
836479,泰源环保,江苏泰源环保科技股份有限公司,2015,0
430345,天呈医流,上海天呈医流科技股份有限公司,2016,0
430133,赛孚制药,北京赛孚制药股份有限公司,2016,0
831940,网高科技,北京网高科技股份有限公司,2015,0
834687,海唐公关,北京海唐宋元公关顾问股份有限公司,2015,0
832287,金凯光电,深圳市锦瑞新材料股份有限公司,2016,0
835495,视野股份,北京新视野国际旅行社股份有限公司,2015,0
430378,山本光电,深圳市山本光电股份有限公司,2013,0
832857,宏景电子,芜湖宏景电子股份有限公司,2014,0
430742,光维通信,上海光维通信技术股份有限公司,2014,0
832076,泰鹏环保,山东泰鹏环保材料股份有限公司,2016,0
837595,坦程物联,无锡坦程物联网股份有限公司,2015,0
834992,上亿传媒,上海上亿传媒股份有限公司,2016,0
430375,星立方,北京星立方科技发展股份有限公司,2016,0
430511,远大股份,山东远大朗威教育科技股份有限公司,2015,0
430374,英富森,北京英富森软件股份有限公司,2013,0
838559,金炻新材,广东金炻新材料股份有限公司,2015,0
836290,高盛板业,湖南高盛板业股份有限公司,2015,0
833786,超纯环保,深圳市超纯环保股份有限公司,2015,0
832124,东南股份,南京东南工业装备股份有限公司,2015,0
832594,联海通信,江苏联海通信股份有限公司,2016,0
831394,南麟电子,上海南麟电子股份有限公司,2013,0
430229,绿岸网络,上海绿岸网络科技股份有限公司,2015,0
832074,慧景科技,杭州慧景科技股份有限公司,2014,0
430512,芯朋微,无锡芯朋微电子股份有限公司,2016,0
430355,沃特能源,上海沃特奇能源科技股份有限公司,2013,0
430154,中科通达,中科通达,2013,0
830845,芯邦科技,深圳芯邦科技股份有限公司,2015,0
430564,天润科技,陕西天润科技股份有限公司,2014,0
830787,唐朝股份,福州唐朝彩印股份有限公司,2015,0
430593,华尔美特,苏州华尔美特装饰材料股份有限公司,2015,0
831489,天衡股份,湖南天衡儿童用品股份有限公司,2015,0
833286,海斯比,深圳市海斯比船艇科技股份有限公司,2015,0
836385,九九互娱,北京九九互娱营销顾问股份有限公司,2015,0
430038,信维科技,北京信维科技股份有限公司,2012,0
838504,光环国际,北京光环致成国际管理咨询股份有限公司,2015,0
834297,数智源,北京数智源科技股份有限公司,2016,0
831605,奔速电梯,山东奔速电梯股份有限公司,2014,0
832038,宁夏新龙,宁夏新龙蓝天科技股份有限公司,2014,0
430596,新达通,新达通科技股份有限公司,2016,0
430752,索泰能源,索泰能源,2015,0
831399,参仙源,参仙源参业股份有限公司,2014,0
430111,北京航峰,北京航峰科伟装备技术股份有限公司,2015,0
430454,百大能源,东莞市百大新能源股份有限公司,2016,0
430475,陆道文创,上海陆道智城文化创意产业集团股份有限公司,2016,0
430434,万泉河,深圳市万泉河科技股份有限公司,2016,0
832671,冠宇科技,厦门冠宇科技股份有限公司,2016,0
831647,联瑞新材,江苏联瑞新材料股份有限公司,2014,0
430178,白虹软件,上海白虹软件科技股份有限公司,2016,0
430090,同辉信息,同辉佳视(北京)信息技术股份有限公司,2014,0
833697,上海未来,上海未来企业股份有限公司,2014,0
831069,瑞明节能,瑞明节能,2015,0
831517,凯伦建材,凯伦建材,2016,0
830866,凌志软件,苏州工业园区凌志软件股份有限公司,2013,0
430468,锦棉种业,新疆锦棉种业科技股份有限公司,2014,0
430358,基美影业,上海基美影业股份有限公司,2015,0
830957,佳成科技,江苏佳成科技股份有限公司,2015,0
834426,发现者,黑龙江省发现者机器人股份有限公司,2015,0
832131,斯盛能源,深圳市斯盛能源股份有限公司,2015,0
430297,金硕信息,天津金硕信息科技集团股份有限公司,2014,0
832397,恒神股份,江苏恒神股份有限公司,2015,0
831174,全密封,沈阳全密封变压器股份有限公司,2014,0
833122,中仪股份,武汉中仪物联技术股份有限公司,2015,0
831631,北邮国安,北京北邮国安技术股份有限公司,2016,0
831412,天际航,武汉天际航信息科技股份有限公司,2015,0
832597,中移能,山东中移能节能环保科技股份有限公司,2014,0
831484,久盛生态,吉林久盛生态环境科技股份有限公司,2016,0
430103,天大清源,北京天大清源通信科技股份有限公司,2014,0
830988,兴和股份,湖北兴和电力新材料股份有限公司,2014,0
831530,才府玻璃,才府玻璃,2016,0
830974,凯大催化,杭州凯大催化金属材料股份有限公司,2016,0
832128,喜之家,苏州喜之家母婴护理服务股份有限公司,2016,0
430036,鼎普科技,鼎普科技,2015,0
834215,普乐方,普乐方,2015,0
831758,意欧斯,意欧斯智能科技股份有限公司,2014,0
430534,天涌科技,广西天涌节能科技股份有限公司,2014,0
831854,曼克斯,浙江曼克斯缝纫机股份有限公司,2016,0
832802,保丽洁,江苏保丽洁环境科技股份有限公司,2015,0
832699,南华工业,武汉南华工业设备工程股份有限公司,2016,0
430175,科新生物,上海科新生物技术股份有限公司,2016,0
833191,博世德,成都博世德能源科技股份有限公司,2016,0
831346,木联能,北京木联能软件股份有限公司,2015,0
831085,博冠股份,广州博冠光电科技股份有限公司,2014,0
430366,金天地,北京金天地影视文化股份有限公司,2013,0
830769,华财会计,北京华财会计股份有限公司,2015,0
430715,春泉节能,郑州春泉节能股份有限公司,2014,0
832186,惠尔顿,宁波惠尔顿婴童安全科技股份有限公司,2014,0
831221,聚阳环保,苏州聚阳环保科技股份有限公司,2014,0
835350,中金恒泰,深圳市中金恒泰互联网科技股份有限公司,2015,0
833939,御康医疗,上海御康医疗发展股份有限公司,2015,0
831531,康雅股份,深圳市康雅建筑装饰股份有限公司,2015,0
832176,三扬股份,广东顺德三扬科技股份有限公司,2015,0
832708,三力制药,贵州三力制药股份有限公司,2016,0
831101,奥维云网,北京奥维云网大数据科技股份有限公司,2013,0
831491,佳音王,深圳市佳音王科技股份有限公司,2014,0
831752,蓝图新材,贵州蓝图新材料股份有限公司,2014,0
836073,时代正邦,北京时代正邦科技股份有限公司,2015,0
830828,万绿生物,云南万绿生物股份有限公司,2013,0
831287,启奥科技,唐山启奥科技股份有限公司,2016,0
831942,天一生物,西安天一生物技术股份有限公司,2015,0
831710,昊方机电,安徽昊方机电股份有限公司,2014,0
831463,凯雪冷链,郑州凯雪冷链股份有限公司,2016,0
831078,斯科电气,广东易通鼎盛科技股份有限公司,2014,0
832784,好样传媒,好样传媒股份有限公司,2014,0
831097,思为同飞,武汉思为同飞网络技术股份有限公司,2016,0
832053,富得利,湖州富得利木业股份有限公司,2016,0
430431,枫盛阳,天津枫盛阳医疗器械技术股份有限公司,2013,0
831635,金鹏信息,河南金鹏信息技术股份有限公司,2014,0
430578,差旅天下,吉林省差旅天下网络技术股份有限公司,2015,0
831478,天际数字,北京天际数字技术股份公司,2014,0
831145,阿路美格,阿路美格,2013,0
832998,雅昌股份,深圳市雅昌科技股份有限公司,2014,0
834854,名颂科技,上海名颂科技股份有限公司,2015,0
430037,联飞翔,北京联飞翔科技股份有限公司,2016,0
832618,中能兴科,中能兴科(北京)节能科技股份有限公司,2014,0
832356,金华机械,常熟市金华机械股份有限公司,2015,0
831275,睿力物流,北京睿力恒一物流技术股份公司,2014,0
430597,博安通,深圳市博安通科技股份有限公司,2015,0
833323,好帮手,好帮手,2014,0
831696,赤诚生物,五峰赤诚生物科技股份有限公司,2016,0
830888,世纪工场,北京环球世纪工场文化传媒股份有限公司,2016,0
430594,盈光科技,广州盈光科技股份有限公司,2016,0
831949,捷阳科技,江苏捷阳科技股份有限公司,2016,0
831028,华丽包装,河南华丽纸业包装股份有限公司,2016,0
834740,凯鑫光电,南阳凯鑫光电股份有限公司,2015,0
832505,运维电力,陕西运维电力股份有限公司,2014,0
831386,风华环保,广东风华环保设备股份有限公司,2014,0
430392,斯派克,湖南斯派克科技股份有限公司,2015,0
835727,互联在线,深圳市互联在线云计算股份有限公司,2015,0
832231,恒盛环保,河北恒华盛世环保科技股份有限公司,2014,0
832647,北国传媒,辽宁北国传媒网络科技股份有限公司,2015,0
831303,澳凯富汇,洛阳澳凯富汇信息技术股份有限公司,2015,0
832327,海颐软件,烟台海颐软件股份有限公司,2014,0
834284,嘉盛光电,保定嘉盛光电科技股份有限公司,2015,0
833901,壮元海,大连壮元海生态苗业股份有限公司,2015,0
832188,科安达,深圳科安达电子科技股份有限公司,2015,0
837270,爱立康,深圳市爱立康医疗股份有限公司,2015,0
830938,可恩口腔,德州可恩口腔医院股份有限公司,2015,0
831719,菱湖漆,安徽菱湖漆股份有限公司,2015,0
834240,中广瑞波,北京中广瑞波科技股份有限公司,2015,0
832151,听牧肉牛,云南海潮集团听牧肉牛产业股份有限公司,2016,0
831767,知音文化,上海知音音乐文化股份有限公司,2016,0
430348,瑞斯福,北京瑞斯福高新科技股份有限公司,2014,0
832563,帮豪种业,重庆帮豪种业股份有限公司,2016,0
833336,德生防水,唐山德生防水股份有限公司,2015,0
832835,三禾科技,浙江三禾竹木科技股份有限公司,2016,0
832463,月旭科技,月旭科技(上海)股份有限公司,2014,0
835331,创星科技,湖南创星科技股份有限公司,2015,0
830803,新松医疗,沈阳新松医疗科技股份有限公司,2015,0
833647,怡钛积,怡钛积,2015,0
831237,飞宇科技,苏州飞宇精密科技股份有限公司,2014,0
837556,开元模具,烟台开元模具股份有限公司,2015,0
831395,智通建设,上海智通建设发展股份有限公司,2015,0
830881,圣泉集团,济南圣泉集团股份有限公司,2014,0
837079,智慧源,智慧源(深圳)管理顾问股份公司,2015,0
430627,页游科技,成都页游科技股份有限公司,2014,0
430300,辰光医疗,上海辰光医疗科技股份有限公司,2016,0
834058,华洋赛车,浙江华洋赛车股份有限公司,2016,0
834025,赛思信安,北京赛思信安技术股份有限公司,2015,0
834110,灵信视觉,上海灵信视觉技术股份有限公司,2015,0
834047,缔安科技,上海缔安科技股份有限公司,2015,0
430243,铜牛信息,北京铜牛信息科技股份有限公司,2015,0
837443,蓝天集团,江苏蓝天环保集团股份有限公司,2015,0
831653,耐诺邦,耐诺邦,2015,0
831082,汇鑫嘉德,唐山汇鑫嘉德节能减排科技股份有限公司,2015,0
832214,太川股份,珠海太川云社区技术股份有限公司,2016,0
430649,绿清科技,天津绿清管道科技股份有限公司,2014,0
834226,彩虹光,河南彩虹光网络印刷股份有限公司,2015,0
831289,丰泽股份,丰泽工程橡胶科技开发股份有限公司,2016,0
833591,开创环保,浙江开创环保科技股份有限公司,2015,0
834448,遥望网络,遥望网络,2014,0
832601,天鸿新材,界首市天鸿新材料股份有限公司,2014,0
831681,智洋电气,山东智洋电气股份有限公司,2016,0
830876,黄河软轴,洛阳市黄河软轴控制器股份有限公司,2015,0
832707,国豪股份,南京国豪装饰安装工程股份有限公司,2015,0
837423,王者之风,南京王者之风建筑装饰股份有限公司,2015,0
831322,朗悦科技,北京朗悦科技股份有限公司,2016,0
836191,亚讯星科,成都亚讯星科科技股份有限公司,2015,0
832029,金正食品,潍坊金正食品股份有限公司,2014,0
430423,宁变科技,宁波宁变电力科技股份有限公司,2015,0
430123,速原中天,北京速原中天科技股份公司,2015,0
834377,德博科技,萍乡德博科技股份有限公司,2015,0
837435,安博检测,深圳安博检测股份有限公司,2015,0
832908,西恩科技,上海西恩科技股份有限公司,2015,0
832607,安华生物,山东安华生物医药股份有限公司,2015,0
833772,天蓝环保,浙江天蓝环保技术股份有限公司,2015,0
831852,东研科技,广东东研网络科技股份有限公司,2014,0
832491,奥迪威,广东奥迪威传感科技股份有限公司,2015,0
430380,成明节能,陕西成明节能技术股份有限公司,2016,0
835109,鑫益嘉,深圳市鑫益嘉科技股份有限公司,2016,0
430074,德鑫物联,北京德鑫泉物联网科技股份有限公司,2014,0
831278,泰德股份,青岛泰德汽车轴承股份有限公司,2016,0
833391,广建咨询,广州建成工程咨询股份有限公司,2015,0
831579,三信股份,山东三信商贸股份有限公司,2014,0
430687,华瑞核安,北京华瑞核安科技股份有限公司,2015,0
831575,光辉互动,南京光辉互动网络科技股份有限公司,2015,0
835528,亨得股份,鹰潭市亨得利金属材料股份有限公司,2015,0
833585,千叶珠宝,北京市千叶珠宝股份有限公司,2014,0
831040,优波科,郑州优波科新材料股份有限公司,2015,0
834582,卓仕物流,上海卓仕物流科技股份有限公司,2014,0
832794,万斯达,山东万斯达建筑科技股份有限公司,2016,0
430141,久日新材,天津久日新材料股份有限公司,2016,0
833001,三江股份,新疆三江实业股份有限公司,2015,0
832002,赛文技术,宁夏赛文技术股份有限公司,2015,0
833743,东邦御厨,北京东邦御厨科技股份有限公司,2015,0
430362,东电创新,东电创新(北京)科技发展股份有限公司,2016,0
831605,奔速电梯,山东奔速电梯股份有限公司,2016,0
832952,坤七药业,云南文山坤七药业股份有限公司,2015,0
833436,奥杰股份,苏州奥杰汽车技术股份有限公司,2016,0
833138,长江材料,重庆长江造型材料(集团)股份有限公司,2015,0
831727,中钢网,北京中钢网信息股份有限公司,2016,0
834639,晨光电缆,浙江晨光电缆股份有限公司,2016,0
832452,兴华股份,安吉兴华电力管道股份有限公司,2016,0
833007,东华宏泰,北京东华宏泰科技股份有限公司,2015,0
831550,成大生物,辽宁成大生物股份有限公司,2015,0
831027,兴致科技,北京兴致体育股份有限公司,2013,0
833732,合晟资产,合晟资产,2015,0
831792,海思堡,山东海思堡服装服饰集团股份有限公司,2015,0
430720,东方炫辰,东方炫辰,2016,0
830813,熔金股份,河南熔金高温材料股份有限公司,2016,0
430527,申昱环保,申昱环保科技股份有限公司,2015,0
834613,亿华通,北京亿华通科技股份有限公司,2015,0
832477,航凯电力,北京世纪航凯电力科技股份有限公司,2015,0
835860,斯特龙,斯特龙装饰股份有限公司,2015,0
831925,政通股份,广西政通工程股份有限公司,2014,0
430245,奥特美克,北京奥特美克科技股份有限公司,2014,0
835007,战诚电子,上海战诚电子科技股份有限公司,2016,0
833416,掌上纵横,掌上纵横信息技术(北京)股份有限公司,2015,0
831603,金润和,广东金润和科技股份有限公司,2014,0
837050,华盛铭兔,广东华盛铭兔环保科技股份有限公司,2015,0
834845,华腾教育,广州华腾教育科技股份有限公司,2015,0
833115,畅尔装备,浙江畅尔智能装备股份有限公司,2014,0
430256,卓繁信息,上海卓繁信息技术股份有限公司,2016,0
830947,金柏股份,金柏生态环境股份有限公司,2015,0
833896,海诺尔,海诺尔环保产业股份有限公司,2015,0
430647,青鹰股份,上海青鹰实业股份有限公司,2016,0
835601,加一健康,吉林加一健康产业股份有限公司,2015,0
833245,华望科技,湖南华望科技股份有限公司,2015,0
832329,吉成园林,云南吉成园林科技股份有限公司,2016,0
835558,毅宏游艇,福建毅宏游艇股份有限公司,2015,0
833517,策源股份,上海策源置业顾问股份有限公司,2014,0
832988,力软科技,力软科技(大连)股份有限公司,2014,0
833073,威盛电子,西安威盛电子科技股份有限公司,2014,0
831648,盛景科技,苏州盛景信息科技股份有限公司,2015,0
833127,晶品压塑,广州晶品智能压塑科技股份有限公司,2014,0
430490,旭龙物联,广东旭龙物联科技股份有限公司,2015,0
430405,星火环境,苏州星火环境净化股份有限公司,2013,0
831378,富耐克,富耐克超硬材料股份有限公司,2016,0
833315,石头造,广州石头造环保科技股份有限公司,2016,0
430406,奥美格,广东奥美格传导科技股份有限公司,2015,0
430307,扬讯科技,上海扬讯计算机科技股份有限公司,2015,0
830931,仁会生物,上海仁会生物制药股份有限公司,2013,0
830867,全华光电,武汉全华光电科技股份有限公司,2016,0
831299,北教传媒,京版北教文化传媒股份有限公司,2015,0
835586,景典传媒,北京景典传媒科技股份有限公司,2015,0
831357,黄国粮业,河南黄国粮业股份有限公司,2014,0
831961,创远仪器,上海创远仪器技术股份有限公司,2015,0
430409,天泉鑫膜,厦门市天泉鑫膜科技股份有限公司,2014,0
430380,成明节能,陕西成明节能技术股份有限公司,2015,0
838920,南湖国旅,南湖国际旅行社股份有限公司,2015,0
835167,福座母婴,山东福座母婴护理股份有限公司,2015,0
835755,创研股份,湖南创研科技股份有限公司,2015,0
832139,沃田农业,江苏沃田集团股份有限公司,2015,0
430306,永铭医学,永铭诚道(北京)医学科技股份有限公司,2015,0
831176,天鸿股份,山东天鸿模具股份有限公司,2016,0
835223,瑞华股份,兰考瑞华环保电力股份有限公司,2015,0
831262,广建装饰,重庆广建装饰股份有限公司,2015,0
831060,天香苑,珠海天香苑生物科技发展股份有限公司,2016,0
833302,羌山农牧,四川省羌山农牧科技股份有限公司,2014,0
831950,亚太能源,河南亚太能源科技股份有限公司,2016,0
832638,瓦力科技,广东爱瓦力科技股份有限公司,2014,0
831986,东方基业,北京东方基业科技发展股份有限公司,2015,0
832002,赛文技术,宁夏赛文技术股份有限公司,2016,0
831463,凯雪冷链,郑州凯雪冷链股份有限公司,2014,0
430310,博易股份,博易股份,2012,0
834023,金投金融,四川金投金融电子服务股份有限公司,2016,0
831421,天富电气,广东天富电气股份有限公司,2013,0
831964,储翰科技,成都储翰科技股份有限公司,2016,0
831305,海希通讯,上海海希工业通讯股份有限公司,2015,0
831446,亨利技术,内蒙古亨利新技术工程股份有限公司,2014,0
832773,寰烁股份,山西寰烁电子科技股份有限公司,2015,0
430084,星和众工,北京星和众工设备技术股份有限公司,2012,0
834444,中驰股份,中驰股份,2014,0
831036,裕国股份,湖北裕国菇业股份有限公司,2016,0
835468,雅捷信息,上海雅捷信息技术股份有限公司,2015,0
832099,新疆火炬,新疆火炬燃气股份有限公司,2015,0
430165,光宝联合,光宝联合(北京)科技股份有限公司,2015,0
831075,宏海科技,武汉宏海科技股份有限公司,2015,0
832535,润龙包装,宁夏润龙包装新材料股份有限公司,2016,0
834299,汇量科技,广州汇量网络科技股份有限公司,2015,0
830872,长信畅中,湖南长信畅中科技股份有限公司,2015,0
831059,霍斯通,广州霍斯通电气股份有限公司,2015,0
430467,深圳行健,深圳市行健自动化股份有限公司,2015,0
831828,利特尔,江苏利特尔绿色包装股份有限公司,2014,0
834522,新媒诚品,新媒诚品,2015,0
836105,艾博健康,杭州艾博健康科技股份有限公司,2015,0
430553,海红技术,兰州海红技术股份有限公司,2015,0
834287,鼎楚节能,鼎楚节能,2015,0
835940,瑞济生物,江西瑞济生物工程技术股份有限公司,2015,0
831626,胜禹股份,苏州胜禹材料科技股份有限公司,2016,0
836484,九言科技,杭州九言科技股份有限公司,2015,0
831558,阳光四季,江苏阳光四季新能源科技股份有限公司,2015,0
832106,中设智控,广东中设智控科技股份有限公司,2016,0
430130,卡联科技,卡联科技集团股份有限公司,2014,0
831139,江西广蓝,江西省广蓝传动科技股份有限公司,2016,0
835106,天图物流,广东天图物流股份有限公司,2015,0
832550,双盛锌业,江苏双盛锌业股份有限公司,2016,0
831104,翔维科技,天津市翔维科技发展股份有限公司,2015,0
830953,惠当家,江西惠当家信息技术股份有限公司,2014,0
832796,逸舒制药,广东逸舒制药股份有限公司,2015,0
430198,微创光电,武汉微创光电股份有限公司,2014,0
831459,伟诚科技,珠海伟诚科技股份有限公司,2014,0
832152,华富股份,昆山华富新材料股份有限公司,2014,0
834765,美之高,深圳市美之高科技股份有限公司,2015,0
831866,蔚林股份,蔚林新材料科技股份有限公司,2016,0
833103,兆舜科技,东莞兆舜有机硅科技股份有限公司,2014,0
834573,梅山黑茶,湖南梅山黑茶股份有限公司,2015,0
831159,安达物流,天津安达物流股份有限公司,2015,0
835125,商络电子,商络电子,2015,0
430224,网动科技,北京网动网络科技股份有限公司,2014,0
831123,大成空间,湖北大成空间科技股份有限公司,2014,0
832051,经证投资,经证投资,2016,0
833544,绿岩生态,江苏绿岩生态技术股份有限公司,2016,0
832270,骏驰科技,广东骏驰科技股份有限公司,2014,0
830813,熔金股份,河南熔金高温材料股份有限公司,2015,0
831706,领航科技,成都中节能领航科技股份有限公司,2015,0
430532,北鼎晶辉,深圳市北鼎晶辉科技股份有限公司,2014,0
832529,裕农科技,深圳市裕农科技股份有限公司,2015,0
831327,飞翼股份,飞翼股份有限公司,2015,0
834656,勃达微波,西藏勃达微波装备股份有限公司,2015,0
831466,软通股份,深圳市软通供应链股份有限公司,2016,0
833550,路维光电,深圳市路维光电股份有限公司,2015,0
831008,百华悦邦,北京百华悦邦科技股份有限公司,2015,0
832985,必然传媒,重庆必然传媒股份有限公司,2015,0
430732,威马股份,山东威马泵业股份有限公司,2016,0
831366,国龙医疗,宁夏国龙医疗发展股份有限公司,2013,0
832764,德胜科技,洛阳德胜生物科技股份有限公司,2016,0
833619,佰聆数据,广州佰聆数据股份有限公司,2015,0
831811,中普防雷,湖南中普技术股份有限公司,2014,0
833092,健耕医药,健耕医药,2015,0
834428,蓝孚高能,山东蓝孚高能物理技术股份有限公司,2015,0
833495,微瑞思创,北京微瑞思创信息科技股份有限公司,2014,0
835325,搜搜电商,成都搜搜电子商务股份有限公司,2015,0
831571,大洋股份,常州大洋线缆股份有限公司,2014,0
830780,永鹏科技,重庆永鹏网络科技股份有限公司,2015,0
430051,九恒星,北京九恒星科技股份有限公司,2013,0
430404,瑞腾科技,苏州瑞腾照明科技股份有限公司,2015,0
833556,施勒智能,施勒智能科技(上海)股份有限公司,2015,0
831485,科达建材,南通科达建材股份有限公司,2016,0
833155,东工股份,内江东工设备制造股份有限公司,2015,0
832535,润龙包装,宁夏润龙包装新材料股份有限公司,2015,0
831614,合富科技,上海合富新材料科技股份有限公司,2016,0
830944,景尚旅业,景尚旅业集团股份有限公司,2013,0
430393,三景科技,昆山三景科技股份有限公司,2014,0
837293,联诚发,深圳市联诚发科技股份有限公司,2015,0
830915,味群食品,保定味群食品科技股份有限公司,2016,0
831242,特辰科技,深圳市特辰科技股份有限公司,2015,0
832058,东联科技,北京东联世纪科技股份有限公司,2014,0
832590,恒德股份,深圳市恒德生物技术股份有限公司,2015,0
834323,韩华建材,安徽韩华建材科技股份有限公司,2016,0
430670,东芯通信,合肥东芯通信股份有限公司,2016,0
430689,摩登百货,广州摩登百货股份有限公司,2016,0
834872,五米常香,黑龙江省五米常香农业科技发展股份有限公司,2015,0
835015,福德股份,四川福德机器人股份有限公司,2015,0
832568,阿波罗,上海阿波罗机械股份有限公司,2016,0
833292,泰然科技,东营泰然材料科技股份有限公司,2015,0
833216,海涛股份,北京海涛国际旅行社股份有限公司,2015,0
831884,成达兴,福建成达兴智能科技股份有限公司,2015,0
831691,三高股份,上海三高计算机中心股份有限公司,2015,0
833375,手付通,深圳手付通科技股份有限公司,2015,0
831150,金越交通,吉林省金越交通装备股份有限公司,2015,0
831178,科马材料,浙江科马摩擦材料股份有限公司,2016,0
830767,网虫股份,宁夏网虫信息技术股份有限公司,2016,0
430141,久日新材,天津久日新材料股份有限公司,2014,0
834407,驰诚股份,河南驰诚电气股份有限公司,2015,0
832705,达瑞生物,广州市达瑞生物技术股份有限公司,2014,0
832034,正阳生物,常德市正阳生物科技股份有限公司,2016,0
833991,趋势传媒,趋势(北京)文化传媒股份有限公司,2015,0
430613,腾晖科技,广东腾晖信息科技开发股份有限公司,2014,0
831316,连连化学,江苏连连化学股份有限公司,2016,0
833491,沧海核装,河北沧海核装备科技股份有限公司,2014,0
831143,焕鑫新材,江苏焕鑫新材料股份有限公司,2015,0
430179,宇昂科技,上海宇昂水性新材料科技股份有限公司,2013,0
831718,青鸟软通,山东青鸟软通信息技术股份有限公司,2016,0
430569,安尔发,广东安尔发智能科技股份有限公司,2014,0
832046,天安智联,江苏天安智联科技股份有限公司,2014,0
831541,中节环,中节环(北京)环境科技股份有限公司,2015,0
835011,麦迪制冷,浙江麦迪制冷科技股份有限公司,2014,0
832001,黑碳节能,贵州黑碳碳投低碳产业发展股份有限公司,2016,0
831700,华信精工,株洲华信精密工业股份有限公司,2015,0
835099,开心麻花,北京开心麻花娱乐文化传媒股份有限公司,2015,0
430701,立德股份,扬州立德粉末冶金股份有限公司,2015,0
430589,银河激光,苏州银河激光科技股份有限公司,2015,0
830935,伊帕尔汗,新疆伊帕尔汗香料股份有限公司,2016,0
430272,光伏宝,世富光伏宝(上海)环保科技股份有限公司,2013,0
833968,资源环保,广州资源环保科技股份有限公司,2015,0
430199,了望股份,北京了望投资顾问股份有限公司,2016,0
430208,优炫软件,北京优炫软件股份有限公司,2014,0
833678,南方阀门,株洲南方阀门股份有限公司,2016,0
430424,联合创业,北京联合创业环保工程股份有限公司,2016,0
836888,来邦科技,来邦科技股份公司,2015,0
430664,联合永道,北京联合永道软件股份有限公司,2014,0
430325,精英智通,北京精英智通科技股份有限公司,2013,0
430748,恒均科技,安徽恒均粉末冶金科技股份有限公司,2016,0
831762,和达科技,浙江和达科技股份有限公司,2014,0
834486,德佑电气,山东德佑电气股份有限公司,2015,0
835401,浙江杭摩,浙江杭摩合成材料股份有限公司,2015,0
837317,北角娱乐,北京北角娱乐股份有限公司,2015,0
831056,千叶药包,贵州千叶药品包装股份有限公司,2015,0
833435,国润新材,洛阳国润新材料科技股份有限公司,2015,0
832519,中通电气,湖南中通电气股份有限公司,2016,0
835077,博宁福田,青岛博宁福田通道设备股份有限公司,2015,0
833073,威盛电子,西安威盛电子科技股份有限公司,2016,0
833026,中邦园林,中邦园林,2015,0
832971,卡司通,深圳市卡司通展览股份有限公司,2016,0
831947,丹田股份,珠海市丹田物业管理股份有限公司,2015,0
430253,兴竹信息,北京兴竹同智信息技术股份有限公司,2016,0
836218,森霖木,北京森霖木教育科技股份有限公司,2015,0
430202,星河科技,北京星河康帝思科技开发股份有限公司,2013,0
835279,沃得尔,浙江沃得尔科技股份有限公司,2015,0
834219,乙辰科技,深圳市乙辰科技股份有限公司,2015,0
831194,派拉软件,上海派拉软件股份有限公司,2014,0
830843,沃迪装备,上海沃迪智能装备股份有限公司,2013,0
430322,智合新天,智合新天(北京)传媒广告股份有限公司,2015,0
430673,天佑铁道,上海天佑铁道新技术研究所股份有限公司,2014,0
430415,钟舟电气,江阴钟舟电气股份有限公司,2014,0
430419,三凯股份,广东三凯新材料股份有限公司,2015,0
831636,三叶新材,杭州三叶新材料股份有限公司,2014,0
832664,未名信息,福建未名信息技术股份有限公司,2016,0
832156,强田液压,上海强田液压股份有限公司,2015,0
833965,科创股份,广西科创机械股份有限公司,2014,0
830833,九生堂,武汉九生堂生物科技股份有限公司,2016,0
832414,精湛光电,江苏精湛光电仪器股份有限公司,2016,0
834117,山东绿霸,山东绿霸化工股份有限公司,2015,0
837112,大洋生物,浙江大洋生物科技集团股份有限公司,2015,0
830951,嘉行传媒,西安嘉行影视传媒股份有限公司,2015,0
832375,宝达股份,江苏宝达汽车股份有限公司,2015,0
430135,三益能环,北京三益能源环保发展股份有限公司,2013,0
832689,德尔能,东莞市德尔能新能源股份有限公司,2015,0
835413,够快科技,上海够快网络科技股份有限公司,2015,0
430637,菱博电子,上海菱博电子技术股份有限公司,2015,0
832301,三信科技,南通三信塑胶装备科技股份有限公司,2016,0
430668,笃诚科技,江苏笃诚医药科技股份有限公司,2015,0
833757,天力锂能,新乡天力锂能股份有限公司,2016,0
831284,迈科智能,珠海迈科智能科技股份有限公司,2015,0
830956,润佳股份,润佳股份,2015,0
838804,恒泰科技,惠州市恒泰科技股份有限公司,2015,0
834695,郑设股份,中赟国际工程股份有限公司,2015,0
832149,利尔达,利尔达科技集团股份有限公司,2015,0
831169,百特莱德,北京百特莱德工程技术股份有限公司,2015,0
830809,安达科技,贵州安达科技能源股份有限公司,2015,0
430646,上海底特,上海底特精密紧固件股份有限公司,2014,0
831728,阿尼股份,阿尼信息技术股份有限公司,2015,0
831361,胜龙股份,郑州胜龙信息技术股份有限公司,2014,0
831572,疆能股份,新疆新华能电气股份有限公司,2014,0
833371,蓝天燃气,河南蓝天燃气股份有限公司,2016,0
832262,德惠商业,四川德惠商业股份有限公司,2015,0
430357,行悦信息,行悦信息科技股份有限公司,2015,0
832439,马可正嘉,北京马可正嘉汽车运动股份有限公司,2014,0
430174,沃捷传媒,北京沃捷文化传媒股份有限公司,2012,0
835712,顺宝农业,宁夏顺宝现代农业股份有限公司,2015,0
833063,高华股份,蚌埠高华电子股份有限公司,2015,0
430738,白兔湖,安徽白兔湖动力股份有限公司,2015,0
831427,信通电子,山东信通电子股份有限公司,2014,0
837838,艾格生物,浙江艾格生物科技股份有限公司,2015,0
430029,金泰得,北京金泰得生物科技股份有限公司,2014,0
832883,德润能源,胜利德润能源股份有限公司,2015,0
835217,汉唐环保,北京汉唐环保科技股份有限公司,2015,0
831482,和信基业,山西和信基业科技股份有限公司,2015,0
832115,喜宝动力,北京喜宝动力网络技术股份有限公司,2015,0
836200,国建新能,国建新能科技股份有限公司,2015,0
835478,灏景传媒,灏景(厦门)文化传媒股份有限公司,2015,0
832223,配天智造,深圳市配天智造装备股份有限公司,2015,0
831398,东联教育,内蒙古东联教育科技集团股份有限公司,2014,0
832275,敦华石油,新疆敦华石油技术股份有限公司,2016,0
831105,盟云移软,上海盟云移软网络科技股份有限公司,2016,0
430144,煦联得,北京煦联得节能科技股份有限公司,2012,0
833547,深华消防,广东深华消防设备工程股份有限公司,2015,0
831956,汇森能源,青岛汇森能源设备股份有限公司,2015,0
830886,太尔科技,福建太尔电子科技股份有限公司,2015,0
834734,创谐信息,杭州创谐信息技术股份有限公司,2015,0
830955,大盛微电,大盛微电科技股份有限公司,2015,0
833913,坤鼎集团,坤鼎投资管理集团股份有限公司,2016,0
832526,鸿普森,深圳市鸿普森科技股份有限公司,2015,0
430193,微传播,微传播(北京)网络科技股份有限公司,2015,0
832633,伏泰科技,苏州市伏泰信息科技股份有限公司,2014,0
430430,普滤得,苏州普滤得净化股份有限公司,2014,0
834839,之江生物,上海之江生物科技股份有限公司,2014,0
831472,复娱文化,上海复娱文化传播股份有限公司,2015,0
430254,中卉生态,上海中卉生态科技股份有限公司,2012,0
430665,高衡力,广州市高衡力节能科技股份有限公司,2015,0
832774,森泰环保,武汉森泰环保股份有限公司,2016,0
832931,维特科思,武汉维特科思教育股份有限公司,2014,0
833855,三楷深发,河北三楷深发科技股份有限公司,2015,0
837742,易心堂,易心堂大药房连锁股份有限公司,2015,0
833208,良品电商,青岛摆渡信息科技股份有限公司,2014,0
834086,德泓国际,德泓国际绒业股份有限公司,2015,0
838774,跨境翼,深圳市跨境翼电子商务股份有限公司,2015,0
835388,佳景科技,广东佳景科技股份有限公司,2015,0
430740,中天超硬,深圳市中天超硬工具股份有限公司,2016,0
430657,楼兰股份,大连楼兰科技股份有限公司,2015,0
834222,迈动医疗,上海迈动医疗器械股份有限公司,2016,0
832658,特别传媒,湖北特别关注传媒股份有限公司,2016,0
430270,易点天下,易点天下网络科技股份有限公司,2014,0
831335,时空客,时空客集团股份有限公司,2016,0
833457,云朵网络,宁波云朵网络科技股份有限公司,2015,0
835042,中加飞机,上海中加飞机机载设备维修股份有限公司,2015,0
430076,国基科技,北京国基科技股份有限公司,2014,0
832692,文鑫莲业,福建文鑫莲业股份有限公司,2015,0
832144,软智科技,南京软智科技股份有限公司,2015,0
832244,佳瑞高科,平顶山佳瑞高科实业股份有限公司,2015,0
832412,同益物流,江苏同益国际物流股份有限公司,2015,0
832161,金力股份,河北金力新能源科技股份有限公司,2015,0
830863,瑞华天健,北京瑞华天健科技股份有限公司,2015,0
430081,五八汽车,北京五八汽车科技股份有限公司,2015,0
832974,鲜美种苗,广东鲜美种苗股份有限公司,2014,0
831508,拓新股份,新乡拓新药业股份有限公司,2016,0
430071,首都在线,北京首都在线科技股份有限公司,2015,0
430211,丰电科技,丰电科技集团股份有限公司,2014,0
836463,云中鹤,深圳市云中鹤科技股份有限公司,2015,0
830999,银橙传媒,上海银橙文化传媒股份有限公司,2015,0
831425,致善生物,厦门致善生物科技股份有限公司,2016,0
430309,易所试,上海易所试网络信息技术股份有限公司,2016,0
430424,联合创业,北京联合创业环保工程股份有限公司,2015,0
833694,新道科技,新道科技股份有限公司,2014,0
831233,恒丰科技,新疆恒丰现代农业科技股份有限公司,2015,0
836424,美通互动,美通互动,2015,0
832773,寰烁股份,山西寰烁电子科技股份有限公司,2016,0
831784,贝尔机械,无锡市贝尔机械股份有限公司,2016,0
836136,美特林科,江苏美特林科特殊合金股份有限公司,2015,0
836885,恒达时讯,北京恒达时讯科技股份有限公司,2015,0
832492,金蓝络,上海金蓝络科技信息系统股份有限公司,2015,0
831576,汉博商业,北京汉博商业管理股份有限公司,2016,0
831214,中晶股份,中晶股份,2016,0
430642,映翰通,北京映翰通网络技术股份有限公司,2014,0
834013,利和兴,深圳市利和兴股份有限公司,2016,0
832570,蓝海科技,北京蓝海华业科技股份有限公司,2014,0
830948,捷昌驱动,浙江捷昌线性驱动科技股份有限公司,2013,0
832768,爱可生,上海爱可生信息技术股份有限公司,2014,0
831802,智华信,北京智华信科技股份有限公司,2015,0
430755,华曦达,深圳市华曦达科技股份有限公司,2015,0
832272,龙图信息,大连龙图信息技术股份有限公司,2014,0
430724,芳笛环保,武汉芳笛环保股份有限公司,2015,0
831142,易讯通,北京易讯通信息技术股份有限公司,2016,0
430467,深圳行健,深圳市行健自动化股份有限公司,2016,0
833631,汇通金融,江苏汇通金融数据股份有限公司,2015,0
832026,海龙核科,江苏海龙核科技股份有限公司,2014,0
832663,金苹果,武威金苹果农业股份有限公司,2014,0
832859,晨越建管,成都晨越建设项目管理股份有限公司,2015,0
833077,伯肯节能,北京伯肯节能科技股份有限公司,2016,0
832650,奔腾集团,奔腾科技实业集团股份有限公司,2015,0
833171,福建国航,福建国航远洋运输(集团)股份有限公司,2015,0
833804,康威通信,山东康威通信技术股份有限公司,2015,0
833030,立方控股,杭州立方控股股份有限公司,2016,0
830924,星龙科技,深圳市星龙科技股份有限公司,2014,0
430555,英派瑞,长虹塑料集团英派瑞塑料股份有限公司,2014,0
835055,乐享方登,乐享方登,2014,0
832682,像素数据,广州像素数据技术股份有限公司,2016,0
836444,中宇环保,清远市中宇环保实业股份有限公司,2015,0
836865,成远爆破,辽宁成远爆破股份有限公司,2015,0
830970,艾录股份,上海艾录包装股份有限公司,2016,0
835612,天使之泪,天使之泪,2015,0
832559,熊猫乳业,浙江熊猫乳业集团股份有限公司,2014,0
837361,识代运筹,陕西识代运筹信息科技股份有限公司,2015,0
835048,龙云旅游,黑龙江龙云旅游管理股份有限公司,2015,0
430703,高山水,深圳市高山水生态园林股份有限公司,2014,0
833038,欧开股份,上海欧开建筑装饰股份有限公司,2014,0
